Sl no.,Price Date,Market Name,Commodity,Variety,Grade,Min Price (Rs./Quintal),Max Price (Rs./Quintal),Modal Price (Rs./Quintal)
1,12-May-23,Bangalore,Potato,Local,FAQ,1400,1700,1500
2,12-May-23,Bangalore,Potato,Potato,FAQ,1800,2200,2100
3,11-May-23,Bangalore,Potato,Local,FAQ,1400,1700,1500
4,11-May-23,Bangalore,Potato,Potato,FAQ,1800,2200,2100
5,09-May-23,Bangalore,Potato,Local,FAQ,1400,1600,1500
6,09-May-23,Bangalore,Potato,Potato,FAQ,1800,2000,1900
7,08-May-23,Bangalore,Potato,Local,FAQ,1400,1600,1500
8,08-May-23,Bangalore,Potato,Potato,FAQ,1800,2000,1900
9,06-May-23,Bangalore,Potato,Local,FAQ,1400,1600,1500
10,06-May-23,Bangalore,Potato,Potato,FAQ,1800,2000,1900
11,05-May-23,Bangalore,Potato,Local,FAQ,1400,1600,1500
12,05-May-23,Bangalore,Potato,Potato,FAQ,1800,2000,1900
13,04-May-23,Bangalore,Potato,Local,FAQ,1400,1600,1500
14,04-May-23,Bangalore,Potato,Potato,FAQ,1800,1900,1850
15,03-May-23,Bangalore,Potato,Local,FAQ,1400,1600,1500
16,03-May-23,Bangalore,Potato,Potato,FAQ,1800,1900,1850
17,02-May-23,Bangalore,Potato,Local,FAQ,1400,1600,1500
18,02-May-23,Bangalore,Potato,Potato,FAQ,1800,1900,1850
19,29-Apr-23,Bangalore,Potato,Local,FAQ,1500,1700,1600
20,29-Apr-23,Bangalore,Potato,Potato,FAQ,1200,1500,1300
21,28-Apr-23,Bangalore,Potato,Local,FAQ,1500,1700,1600
22,28-Apr-23,Bangalore,Potato,Potato,FAQ,1200,1500,1300
23,26-Apr-23,Bangalore,Potato,Local,FAQ,1500,1700,1600
24,26-Apr-23,Bangalore,Potato,Potato,FAQ,1200,1500,1300
25,25-Apr-23,Bangalore,Potato,Local,FAQ,1500,1700,1600
26,25-Apr-23,Bangalore,Potato,Potato,FAQ,1300,1500,1400
27,24-Apr-23,Bangalore,Potato,Local,FAQ,1500,1700,1600
28,24-Apr-23,Bangalore,Potato,Potato,FAQ,1300,1500,1400
29,21-Apr-23,Bangalore,Potato,Local,FAQ,1300,1400,1350
30,21-Apr-23,Bangalore,Potato,Potato,FAQ,1300,1500,1400
31,20-Apr-23,Bangalore,Potato,Local,FAQ,1300,1400,1350
32,20-Apr-23,Bangalore,Potato,Potato,FAQ,1300,1500,1400
33,19-Apr-23,Bangalore,Potato,Local,FAQ,1100,1400,1300
34,19-Apr-23,Bangalore,Potato,Potato,FAQ,1300,1500,1400
35,18-Apr-23,Bangalore,Potato,Local,FAQ,1200,1400,1300
36,18-Apr-23,Bangalore,Potato,Potato,FAQ,1200,1500,1350
37,17-Apr-23,Bangalore,Potato,Local,FAQ,1200,1400,1300
38,17-Apr-23,Bangalore,Potato,Potato,FAQ,1200,1500,1350
39,15-Apr-23,Bangalore,Potato,Local,FAQ,900,1200,1100
40,15-Apr-23,Bangalore,Potato,Potato,FAQ,1600,1800,1700
41,13-Apr-23,Bangalore,Potato,Local,FAQ,900,1200,1100
42,13-Apr-23,Bangalore,Potato,Potato,FAQ,1600,1800,1700
43,12-Apr-23,Bangalore,Potato,Local,FAQ,900,1200,1100
44,12-Apr-23,Bangalore,Potato,Potato,FAQ,1600,1800,1700
45,11-Apr-23,Bangalore,Potato,Local,FAQ,800,1000,900
46,11-Apr-23,Bangalore,Potato,Potato,FAQ,1200,1400,1300
47,10-Apr-23,Bangalore,Potato,Local,FAQ,800,1000,900
48,10-Apr-23,Bangalore,Potato,Potato,FAQ,1200,1400,1300
49,06-Apr-23,Bangalore,Potato,Local,FAQ,800,1000,900
50,06-Apr-23,Bangalore,Potato,Potato,FAQ,1200,1400,1300
51,05-Apr-23,Bangalore,Potato,Local,FAQ,800,1000,900
52,05-Apr-23,Bangalore,Potato,Potato,FAQ,1200,1400,1300
53,03-Apr-23,Bangalore,Potato,Local,FAQ,800,1000,900
54,03-Apr-23,Bangalore,Potato,Potato,FAQ,1200,1400,1300
55,01-Apr-23,Bangalore,Potato,Local,FAQ,900,1100,1000
56,01-Apr-23,Bangalore,Potato,Potato,FAQ,1000,1300,1200
57,31-Mar-23,Bangalore,Potato,Local,FAQ,900,1100,1000
58,31-Mar-23,Bangalore,Potato,Potato,FAQ,1000,1300,1200
59,30-Mar-23,Bangalore,Potato,Local,FAQ,1100,1300,1200
60,30-Mar-23,Bangalore,Potato,Potato,FAQ,1400,1600,1500
61,29-Mar-23,Bangalore,Potato,Local,FAQ,1100,1300,1200
62,29-Mar-23,Bangalore,Potato,Potato,FAQ,1400,1600,1500
63,28-Mar-23,Bangalore,Potato,Local,FAQ,1100,1300,1200
64,28-Mar-23,Bangalore,Potato,Potato,FAQ,1000,1400,1200
65,27-Mar-23,Bangalore,Potato,Local,FAQ,1100,1300,1200
66,27-Mar-23,Bangalore,Potato,Potato,FAQ,1000,1400,1200
67,24-Mar-23,Bangalore,Potato,Local,FAQ,1000,1200,1000
68,24-Mar-23,Bangalore,Potato,Potato,FAQ,1000,1300,1100
69,23-Mar-23,Bangalore,Potato,Local,FAQ,1000,1200,1000
70,23-Mar-23,Bangalore,Potato,Potato,FAQ,1000,1300,1100
71,21-Mar-23,Bangalore,Potato,Local,FAQ,900,1100,1000
72,21-Mar-23,Bangalore,Potato,Potato,FAQ,900,1200,1100
73,20-Mar-23,Bangalore,Potato,Local,FAQ,900,1100,1000
74,20-Mar-23,Bangalore,Potato,Potato,FAQ,900,1200,1100
75,18-Mar-23,Bangalore,Potato,Local,FAQ,1200,1400,1300
76,18-Mar-23,Bangalore,Potato,Potato,FAQ,1200,1400,1300
77,17-Mar-23,Bangalore,Potato,Local,FAQ,1200,1400,1300
78,17-Mar-23,Bangalore,Potato,Potato,FAQ,1200,1400,1300
79,16-Mar-23,Bangalore,Potato,Local,FAQ,1200,1400,1300
80,16-Mar-23,Bangalore,Potato,Potato,FAQ,1200,1400,1300
81,15-Mar-23,Bangalore,Potato,Local,FAQ,1200,1400,1300
82,15-Mar-23,Bangalore,Potato,Potato,FAQ,1200,1400,1300
83,14-Mar-23,Bangalore,Potato,Local,FAQ,900,1200,1000
84,14-Mar-23,Bangalore,Potato,Potato,FAQ,1200,1400,1300
85,13-Mar-23,Bangalore,Potato,Local,FAQ,800,1200,1100
86,13-Mar-23,Bangalore,Potato,Potato,FAQ,1000,1100,1000
87,10-Mar-23,Bangalore,Potato,Local,FAQ,800,1200,1100
88,10-Mar-23,Bangalore,Potato,Potato,FAQ,1000,1100,1000
89,09-Mar-23,Bangalore,Potato,Local,FAQ,800,1200,1100
90,09-Mar-23,Bangalore,Potato,Potato,FAQ,1000,1100,1000
91,08-Mar-23,Bangalore,Potato,Local,FAQ,800,1200,1100
92,08-Mar-23,Bangalore,Potato,Potato,FAQ,1000,1100,1000
93,07-Mar-23,Bangalore,Potato,Local,FAQ,800,1200,1100
94,07-Mar-23,Bangalore,Potato,Potato,FAQ,1000,1100,1000
95,06-Mar-23,Bangalore,Potato,Local,FAQ,800,1200,1100
96,06-Mar-23,Bangalore,Potato,Potato,FAQ,1000,1100,1000
97,04-Mar-23,Bangalore,Potato,Local,FAQ,1000,1200,1100
98,04-Mar-23,Bangalore,Potato,Potato,FAQ,800,1200,1000
99,03-Mar-23,Bangalore,Potato,Local,FAQ,1000,1200,1100
100,03-Mar-23,Bangalore,Potato,Potato,FAQ,800,1200,1000
101,02-Mar-23,Bangalore,Potato,Local,FAQ,1000,1200,1100
102,02-Mar-23,Bangalore,Potato,Potato,FAQ,900,1100,1000
103,28-Feb-23,Bangalore,Potato,Local,FAQ,1000,1200,1100
104,28-Feb-23,Bangalore,Potato,Potato,FAQ,900,1100,1000
105,27-Feb-23,Bangalore,Potato,Local,FAQ,1000,1200,1100
106,27-Feb-23,Bangalore,Potato,Potato,FAQ,900,1100,1000
107,24-Feb-23,Bangalore,Potato,Local,FAQ,1600,2000,1900
108,24-Feb-23,Bangalore,Potato,Potato,FAQ,1200,1400,1300
109,23-Feb-23,Bangalore,Potato,Local,FAQ,1600,2000,1900
110,23-Feb-23,Bangalore,Potato,Potato,FAQ,1200,1400,1300
111,22-Feb-23,Bangalore,Potato,Local,FAQ,1600,2000,1900
112,22-Feb-23,Bangalore,Potato,Potato,FAQ,1200,1400,1300
113,21-Feb-23,Bangalore,Potato,Local,FAQ,1600,2000,1900
114,21-Feb-23,Bangalore,Potato,Potato,FAQ,1200,1400,1300
115,20-Feb-23,Bangalore,Potato,Local,FAQ,1600,1800,1700
116,20-Feb-23,Bangalore,Potato,Potato,FAQ,1200,1400,1300
117,17-Feb-23,Bangalore,Potato,Local,FAQ,1400,1600,1500
118,17-Feb-23,Bangalore,Potato,Potato,FAQ,1200,1400,1300
119,15-Feb-23,Bangalore,Potato,Local,FAQ,1400,1600,1500
120,15-Feb-23,Bangalore,Potato,Potato,FAQ,1200,1400,1300
121,14-Feb-23,Bangalore,Potato,Local,FAQ,1600,1800,1700
122,14-Feb-23,Bangalore,Potato,Potato,FAQ,1200,1400,1300
123,13-Feb-23,Bangalore,Potato,Local,FAQ,1600,1800,1700
124,13-Feb-23,Bangalore,Potato,Potato,FAQ,1200,1400,1300
125,10-Feb-23,Bangalore,Potato,Local,FAQ,1600,2000,1800
126,10-Feb-23,Bangalore,Potato,Potato,FAQ,1200,1400,1300
127,09-Feb-23,Bangalore,Potato,Local,FAQ,1600,2000,1800
128,09-Feb-23,Bangalore,Potato,Potato,FAQ,1200,1400,1300
129,08-Feb-23,Bangalore,Potato,Local,FAQ,1600,1800,1700
130,08-Feb-23,Bangalore,Potato,Potato,FAQ,1000,1200,1100
131,07-Feb-23,Bangalore,Potato,Local,FAQ,1600,1800,1700
132,07-Feb-23,Bangalore,Potato,Potato,FAQ,1000,1200,1100
133,06-Feb-23,Bangalore,Potato,Local,FAQ,1600,1800,1700
134,06-Feb-23,Bangalore,Potato,Potato,FAQ,1800,2400,2200
135,04-Feb-23,Bangalore,Potato,Local,FAQ,1600,1800,1700
136,04-Feb-23,Bangalore,Potato,Potato,FAQ,1800,2400,2200
137,03-Feb-23,Bangalore,Potato,Local,FAQ,1600,1800,1700
138,03-Feb-23,Bangalore,Potato,Potato,FAQ,1800,2400,2200
139,02-Feb-23,Bangalore,Potato,Local,FAQ,1600,1800,1700
140,02-Feb-23,Bangalore,Potato,Potato,FAQ,1800,2400,2200
141,01-Feb-23,Bangalore,Potato,Local,FAQ,1600,1800,1700
142,01-Feb-23,Bangalore,Potato,Potato,FAQ,1800,2400,2200
143,31-Jan-23,Bangalore,Potato,Local,FAQ,1600,1800,1700
144,31-Jan-23,Bangalore,Potato,Potato,FAQ,1800,2400,2200
145,30-Jan-23,Bangalore,Potato,Local,FAQ,2000,2200,2100
146,30-Jan-23,Bangalore,Potato,Potato,FAQ,2100,2400,2200
147,27-Jan-23,Bangalore,Potato,Local,FAQ,2000,2200,2100
148,27-Jan-23,Bangalore,Potato,Potato,FAQ,2100,2400,2200
149,25-Jan-23,Bangalore,Potato,Local,FAQ,1900,2100,2000
150,25-Jan-23,Bangalore,Potato,Potato,FAQ,2000,2300,2100
151,24-Jan-23,Bangalore,Potato,Local,FAQ,1800,2200,2000
152,24-Jan-23,Bangalore,Potato,Potato,FAQ,1800,2200,2000
153,23-Jan-23,Bangalore,Potato,Local,FAQ,1800,2200,2000
154,23-Jan-23,Bangalore,Potato,Potato,FAQ,1800,2200,2000
155,21-Jan-23,Bangalore,Potato,Local,FAQ,1800,2200,2000
156,21-Jan-23,Bangalore,Potato,Potato,FAQ,1600,2400,2000
157,20-Jan-23,Bangalore,Potato,Local,FAQ,1800,2400,2200
158,20-Jan-23,Bangalore,Potato,Potato,FAQ,2000,2500,2200
159,19-Jan-23,Bangalore,Potato,Local,FAQ,1800,2400,2200
160,19-Jan-23,Bangalore,Potato,Potato,FAQ,2000,2500,2200
161,18-Jan-23,Bangalore,Potato,Local,FAQ,1600,2800,2700
162,18-Jan-23,Bangalore,Potato,Potato,FAQ,2000,2600,2300
163,17-Jan-23,Bangalore,Potato,Local,FAQ,1600,2800,2700
164,17-Jan-23,Bangalore,Potato,Potato,FAQ,2000,2600,2300
165,16-Jan-23,Bangalore,Potato,Local,FAQ,1600,2800,2700
166,16-Jan-23,Bangalore,Potato,Potato,FAQ,1800,2200,2000
167,13-Jan-23,Bangalore,Potato,Local,FAQ,2800,3200,3000
168,13-Jan-23,Bangalore,Potato,Potato,FAQ,1800,2400,2000
169,12-Jan-23,Bangalore,Potato,Local,FAQ,2800,3200,3000
170,12-Jan-23,Bangalore,Potato,Potato,FAQ,1800,2400,2000
171,11-Jan-23,Bangalore,Potato,Local,FAQ,2800,3200,3000
172,11-Jan-23,Bangalore,Potato,Potato,FAQ,1800,2400,2000
173,10-Jan-23,Bangalore,Potato,Local,FAQ,2800,3200,3000
174,10-Jan-23,Bangalore,Potato,Potato,FAQ,1800,2400,2000
175,09-Jan-23,Bangalore,Potato,Local,FAQ,2800,3200,3000
176,09-Jan-23,Bangalore,Potato,Potato,FAQ,1800,2200,2000
177,07-Jan-23,Bangalore,Potato,Local,FAQ,2600,3000,2800
178,07-Jan-23,Bangalore,Potato,Potato,FAQ,2000,2500,2300
179,06-Jan-23,Bangalore,Potato,Local,FAQ,2600,3000,2800
180,06-Jan-23,Bangalore,Potato,Potato,FAQ,2000,2500,2300
181,05-Jan-23,Bangalore,Potato,Local,FAQ,2600,3000,2800
182,05-Jan-23,Bangalore,Potato,Potato,FAQ,2000,2500,2300
183,04-Jan-23,Bangalore,Potato,Local,FAQ,2600,3000,2800
184,04-Jan-23,Bangalore,Potato,Potato,FAQ,1800,2200,2100
185,03-Jan-23,Bangalore,Potato,Local,FAQ,2600,3200,3000
186,03-Jan-23,Bangalore,Potato,Potato,FAQ,1400,2000,1700
187,02-Jan-23,Bangalore,Potato,Local,FAQ,2600,3000,2800
188,02-Jan-23,Bangalore,Potato,Potato,FAQ,1800,2200,2000
189,31-Dec-22,Bangalore,Potato,Local,FAQ,2600,3000,2800
190,31-Dec-22,Bangalore,Potato,Potato,FAQ,1800,2200,2000
191,30-Dec-22,Bangalore,Potato,Local,FAQ,2600,3000,2800
192,30-Dec-22,Bangalore,Potato,Potato,FAQ,1800,2200,2000
193,29-Dec-22,Bangalore,Potato,Local,FAQ,2600,3000,2800
194,29-Dec-22,Bangalore,Potato,Potato,FAQ,1800,2200,2000
195,28-Dec-22,Bangalore,Potato,Local,FAQ,2600,2800,2700
196,28-Dec-22,Bangalore,Potato,Potato,FAQ,1800,2200,2000
197,27-Dec-22,Bangalore,Potato,Local,FAQ,2600,2800,2700
198,27-Dec-22,Bangalore,Potato,Potato,FAQ,1800,2200,2000
199,26-Dec-22,Bangalore,Potato,Local,FAQ,1800,2200,2000
200,26-Dec-22,Bangalore,Potato,Potato,FAQ,1500,2100,1800
201,23-Dec-22,Bangalore,Potato,Local,FAQ,1800,2200,2000
202,23-Dec-22,Bangalore,Potato,Potato,FAQ,1500,2100,1800
203,22-Dec-22,Bangalore,Potato,Local,FAQ,2100,2400,2200
204,22-Dec-22,Bangalore,Potato,Potato,FAQ,1800,2200,2000
205,21-Dec-22,Bangalore,Potato,Local,FAQ,2200,2400,2300
206,21-Dec-22,Bangalore,Potato,Potato,FAQ,1600,2200,1800
207,20-Dec-22,Bangalore,Potato,Local,FAQ,2200,2400,2300
208,20-Dec-22,Bangalore,Potato,Potato,FAQ,1600,2200,1800
209,19-Dec-22,Bangalore,Potato,Local,FAQ,2200,2600,2400
210,19-Dec-22,Bangalore,Potato,Potato,FAQ,1600,2300,2000
211,17-Dec-22,Bangalore,Potato,Local,FAQ,3000,3800,3400
212,17-Dec-22,Bangalore,Potato,Potato,FAQ,1600,2200,1800
213,16-Dec-22,Bangalore,Potato,Local,FAQ,3000,3800,3400
214,16-Dec-22,Bangalore,Potato,Potato,FAQ,1600,2200,1800
215,15-Dec-22,Bangalore,Potato,Local,FAQ,2800,3200,3000
216,15-Dec-22,Bangalore,Potato,Potato,FAQ,1600,2200,1800
217,14-Dec-22,Bangalore,Potato,Local,FAQ,2800,3200,3000
218,14-Dec-22,Bangalore,Potato,Potato,FAQ,1600,2200,1800
219,13-Dec-22,Bangalore,Potato,Local,FAQ,3000,3200,3100
220,13-Dec-22,Bangalore,Potato,Potato,FAQ,1600,2100,1900
221,12-Dec-22,Bangalore,Potato,Local,FAQ,3000,3200,3100
222,12-Dec-22,Bangalore,Potato,Potato,FAQ,1600,2100,1900
223,09-Dec-22,Bangalore,Potato,Local,FAQ,2000,2400,2100
224,09-Dec-22,Bangalore,Potato,Potato,FAQ,1500,2000,1600
225,08-Dec-22,Bangalore,Potato,Local,FAQ,2000,2400,2100
226,08-Dec-22,Bangalore,Potato,Potato,FAQ,1500,2000,1600
227,07-Dec-22,Bangalore,Potato,Local,FAQ,2000,2400,2100
228,07-Dec-22,Bangalore,Potato,Potato,FAQ,1500,2000,1700
229,06-Dec-22,Bangalore,Potato,Local,FAQ,2800,3000,2900
230,06-Dec-22,Bangalore,Potato,Potato,FAQ,1800,2200,2000
231,05-Dec-22,Bangalore,Potato,Local,FAQ,2800,3000,2900
232,05-Dec-22,Bangalore,Potato,Potato,FAQ,1800,2200,2000
233,03-Dec-22,Bangalore,Potato,Local,FAQ,1600,1800,1700
234,03-Dec-22,Bangalore,Potato,Chips,FAQ,900,1100,1000
235,02-Dec-22,Bangalore,Potato,Local,FAQ,2800,3000,2900
236,02-Dec-22,Bangalore,Potato,Potato,FAQ,1600,2100,1800
237,01-Dec-22,Bangalore,Potato,Local,FAQ,2800,3000,2900
238,01-Dec-22,Bangalore,Potato,Potato,FAQ,1600,2100,1800
239,29-Nov-22,Bangalore,Potato,Local,FAQ,2800,3000,2900
240,29-Nov-22,Bangalore,Potato,Potato,FAQ,1600,2100,1800
241,28-Nov-22,Bangalore,Potato,Local,FAQ,2800,3000,2900
242,28-Nov-22,Bangalore,Potato,Potato,FAQ,1600,2100,1800
243,25-Nov-22,Bangalore,Potato,Local,FAQ,2000,2600,2200
244,25-Nov-22,Bangalore,Potato,Potato,FAQ,1800,2200,2000
245,24-Nov-22,Bangalore,Potato,Local,FAQ,2000,2600,2200
246,24-Nov-22,Bangalore,Potato,Potato,FAQ,1800,2200,2000
247,23-Nov-22,Bangalore,Potato,Local,FAQ,2000,2600,2200
248,23-Nov-22,Bangalore,Potato,Potato,FAQ,1800,2200,2000
249,22-Nov-22,Bangalore,Potato,Local,FAQ,1800,2200,2000
250,22-Nov-22,Bangalore,Potato,Potato,FAQ,2600,2800,2700
251,21-Nov-22,Bangalore,Potato,Local,FAQ,1800,2200,2000
252,21-Nov-22,Bangalore,Potato,Potato,FAQ,2800,3200,3000
253,19-Nov-22,Bangalore,Potato,Local,FAQ,2200,2600,2200
254,19-Nov-22,Bangalore,Potato,Potato,FAQ,1800,2200,2000
255,18-Nov-22,Bangalore,Potato,Local,FAQ,2200,2600,2200
256,18-Nov-22,Bangalore,Potato,Potato,FAQ,1800,2200,2000
257,17-Nov-22,Bangalore,Potato,Local,FAQ,1800,2200,2000
258,17-Nov-22,Bangalore,Potato,Potato,FAQ,1800,2200,2000
259,16-Nov-22,Bangalore,Potato,Local,FAQ,1800,2200,2000
260,16-Nov-22,Bangalore,Potato,Potato,FAQ,1800,2200,2000
261,15-Nov-22,Bangalore,Potato,Local,FAQ,2000,2400,2200
262,15-Nov-22,Bangalore,Potato,Potato,FAQ,1800,2400,2100
263,14-Nov-22,Bangalore,Potato,Local,FAQ,2800,3200,3000
264,14-Nov-22,Bangalore,Potato,Potato,FAQ,2000,2600,2100
265,10-Nov-22,Bangalore,Potato,Local,FAQ,2800,3200,3000
266,10-Nov-22,Bangalore,Potato,Potato,FAQ,2000,2600,2100
267,09-Nov-22,Bangalore,Potato,Local,FAQ,2800,3200,3000
268,09-Nov-22,Bangalore,Potato,Potato,FAQ,2000,2600,2100
269,08-Nov-22,Bangalore,Potato,Local,FAQ,2800,3200,3000
270,08-Nov-22,Bangalore,Potato,Potato,FAQ,2000,2600,2100
271,07-Nov-22,Bangalore,Potato,Local,FAQ,2200,2600,2400
272,07-Nov-22,Bangalore,Potato,Potato,FAQ,2000,2600,2100
273,05-Nov-22,Bangalore,Potato,Local,FAQ,2000,2400,2100
274,05-Nov-22,Bangalore,Potato,Potato,FAQ,2000,2600,2200
275,04-Nov-22,Bangalore,Potato,Local,FAQ,2000,2400,2100
276,04-Nov-22,Bangalore,Potato,Potato,FAQ,2000,2600,2200
277,03-Nov-22,Bangalore,Potato,Local,FAQ,2800,3200,3000
278,03-Nov-22,Bangalore,Potato,Potato,FAQ,2200,2600,2400
279,02-Nov-22,Bangalore,Potato,Local,FAQ,2800,3200,3000
280,02-Nov-22,Bangalore,Potato,Potato,FAQ,2200,2600,2400
281,31-Oct-22,Bangalore,Potato,Local,FAQ,2200,2600,2400
282,31-Oct-22,Bangalore,Potato,Potato,FAQ,2400,2800,2600
283,29-Oct-22,Bangalore,Potato,Local,FAQ,2600,2800,2700
284,29-Oct-22,Bangalore,Potato,Potato,FAQ,2000,2600,2200
285,28-Oct-22,Bangalore,Potato,Local,FAQ,2600,2800,2700
286,28-Oct-22,Bangalore,Potato,Potato,FAQ,2000,2600,2200
287,27-Oct-22,Bangalore,Potato,Local,FAQ,2600,2800,2700
288,27-Oct-22,Bangalore,Potato,Potato,FAQ,2000,2600,2200
289,25-Oct-22,Bangalore,Potato,Local,FAQ,2600,2800,2700
290,25-Oct-22,Bangalore,Potato,Potato,FAQ,2000,2600,2200
291,21-Oct-22,Bangalore,Potato,Local,FAQ,2600,2800,2700
292,21-Oct-22,Bangalore,Potato,Potato,FAQ,2000,2600,2200
293,20-Oct-22,Bangalore,Potato,Local,FAQ,2600,2800,2700
294,20-Oct-22,Bangalore,Potato,Potato,FAQ,2000,2600,2200
295,19-Oct-22,Bangalore,Potato,Local,FAQ,2200,2600,2400
296,19-Oct-22,Bangalore,Potato,Potato,FAQ,2000,2600,2200
297,18-Oct-22,Bangalore,Potato,Local,FAQ,2200,2600,2400
298,18-Oct-22,Bangalore,Potato,Potato,FAQ,2000,2600,2200
299,17-Oct-22,Bangalore,Potato,Local,FAQ,2200,2400,2300
300,17-Oct-22,Bangalore,Potato,Potato,FAQ,2200,2800,2600
301,15-Oct-22,Bangalore,Potato,Local,FAQ,2000,2200,2100
302,15-Oct-22,Bangalore,Potato,Potato,FAQ,2000,2600,2200
303,14-Oct-22,Bangalore,Potato,Local,FAQ,2000,2200,2100
304,14-Oct-22,Bangalore,Potato,Potato,FAQ,2000,2600,2200
305,13-Oct-22,Bangalore,Potato,Local,FAQ,2100,2300,2200
306,13-Oct-22,Bangalore,Potato,Potato,FAQ,2000,2600,2200
307,12-Oct-22,Bangalore,Potato,Local,FAQ,2000,2200,2100
308,12-Oct-22,Bangalore,Potato,Potato,FAQ,1800,2200,2000
309,11-Oct-22,Bangalore,Potato,Local,FAQ,2000,2200,2100
310,11-Oct-22,Bangalore,Potato,Potato,FAQ,1800,2100,2000
311,10-Oct-22,Bangalore,Potato,Local,FAQ,1700,2100,1900
312,10-Oct-22,Bangalore,Potato,Potato,FAQ,1800,2200,2000
313,07-Oct-22,Bangalore,Potato,Local,FAQ,1700,2100,1900
314,07-Oct-22,Bangalore,Potato,Potato,FAQ,1800,2200,2000
315,06-Oct-22,Bangalore,Potato,Local,FAQ,1700,2100,1900
316,06-Oct-22,Bangalore,Potato,Potato,FAQ,1800,2200,2000
317,03-Oct-22,Bangalore,Potato,Local,FAQ,1700,2100,1900
318,03-Oct-22,Bangalore,Potato,Potato,FAQ,1800,2200,2000
319,01-Oct-22,Bangalore,Potato,Local,FAQ,1800,2200,2000
320,01-Oct-22,Bangalore,Potato,Potato,FAQ,1800,2200,2000
321,30-Sep-22,Bangalore,Potato,Local,FAQ,1800,2200,2000
322,30-Sep-22,Bangalore,Potato,Potato,FAQ,1800,2200,2000
323,29-Sep-22,Bangalore,Potato,Local,FAQ,1800,2200,2000
324,29-Sep-22,Bangalore,Potato,Potato,FAQ,1800,2200,2000
325,28-Sep-22,Bangalore,Potato,Local,FAQ,1800,2200,2000
326,28-Sep-22,Bangalore,Potato,Potato,FAQ,1800,2100,2000
327,27-Sep-22,Bangalore,Potato,Local,FAQ,2200,2800,2500
328,27-Sep-22,Bangalore,Potato,Potato,FAQ,1600,2100,1850
329,26-Sep-22,Bangalore,Potato,Local,FAQ,2000,2800,2400
330,26-Sep-22,Bangalore,Potato,Potato,FAQ,1800,2100,1950
331,23-Sep-22,Bangalore,Potato,Local,FAQ,2400,2800,2600
332,23-Sep-22,Bangalore,Potato,Potato,FAQ,1600,2100,1850
333,20-Sep-22,Bangalore,Potato,Local,FAQ,1600,2000,1800
334,20-Sep-22,Bangalore,Potato,Potato,FAQ,2000,2400,2200
335,19-Sep-22,Bangalore,Potato,Local,FAQ,1600,2000,1800
336,19-Sep-22,Bangalore,Potato,Potato,FAQ,2000,2400,2200
337,17-Sep-22,Bangalore,Potato,Local,FAQ,1600,2000,1800
338,17-Sep-22,Bangalore,Potato,Potato,FAQ,2000,2400,2200
339,16-Sep-22,Bangalore,Potato,Local,FAQ,1600,2000,1800
340,16-Sep-22,Bangalore,Potato,Chips,FAQ,2000,2400,2200
341,15-Sep-22,Bangalore,Potato,Local,FAQ,1600,2000,1800
342,15-Sep-22,Bangalore,Potato,Potato,FAQ,2000,2400,2200
343,14-Sep-22,Bangalore,Potato,Local,FAQ,1600,2000,1800
344,14-Sep-22,Bangalore,Potato,Potato,FAQ,2000,2400,2200
345,13-Sep-22,Bangalore,Potato,Local,FAQ,1600,2000,1800
346,13-Sep-22,Bangalore,Potato,Potato,FAQ,2000,2400,2200
347,12-Sep-22,Bangalore,Potato,Local,FAQ,1400,1800,1600
348,12-Sep-22,Bangalore,Potato,Potato,FAQ,1800,2400,2100
349,08-Sep-22,Bangalore,Potato,Local,FAQ,1400,1800,1600
350,08-Sep-22,Bangalore,Potato,Potato,FAQ,1800,2400,2100
351,07-Sep-22,Bangalore,Potato,Local,FAQ,1400,1800,1600
352,07-Sep-22,Bangalore,Potato,Potato,FAQ,1800,2400,2100
353,06-Sep-22,Bangalore,Potato,Local,FAQ,1400,1800,1600
354,06-Sep-22,Bangalore,Potato,Potato,FAQ,1800,2400,2100
355,05-Sep-22,Bangalore,Potato,Local,FAQ,2400,2800,2600
356,05-Sep-22,Bangalore,Potato,Potato,FAQ,2000,2600,2300
357,03-Sep-22,Bangalore,Potato,Local,FAQ,2400,2800,2600
358,03-Sep-22,Bangalore,Potato,Potato,FAQ,2000,2600,2300
359,02-Sep-22,Bangalore,Potato,Local,FAQ,2400,2800,2600
360,02-Sep-22,Bangalore,Potato,Potato,FAQ,2000,2600,2300
361,01-Sep-22,Bangalore,Potato,Local,FAQ,2400,2800,2600
362,01-Sep-22,Bangalore,Potato,Potato,FAQ,2000,2600,2300
363,30-Aug-22,Bangalore,Potato,Local,FAQ,2400,2800,2600
364,30-Aug-22,Bangalore,Potato,Chips,FAQ,2000,2600,2300
365,29-Aug-22,Bangalore,Potato,Local,FAQ,2600,3000,2800
366,29-Aug-22,Bangalore,Potato,Potato,FAQ,1800,2200,2000
367,26-Aug-22,Bangalore,Potato,Local,FAQ,2200,2600,2400
368,26-Aug-22,Bangalore,Potato,Potato,FAQ,1800,2200,2000
369,25-Aug-22,Bangalore,Potato,Local,FAQ,2000,2800,2500
370,25-Aug-22,Bangalore,Potato,Chips,FAQ,1800,2100,1900
371,24-Aug-22,Bangalore,Potato,Local,FAQ,1800,2200,2000
372,24-Aug-22,Bangalore,Potato,Potato,FAQ,1600,2100,1900
373,23-Aug-22,Bangalore,Potato,Local,FAQ,2000,2500,2300
374,23-Aug-22,Bangalore,Potato,Chips,FAQ,1800,2100,1900
375,22-Aug-22,Bangalore,Potato,Local,FAQ,1800,2200,2000
376,22-Aug-22,Bangalore,Potato,Chips,FAQ,1600,2100,1900
377,20-Aug-22,Bangalore,Potato,Local,FAQ,1800,2200,2000
378,20-Aug-22,Bangalore,Potato,Chips,FAQ,2600,2800,2700
379,19-Aug-22,Bangalore,Potato,Local,FAQ,1800,2200,2000
380,19-Aug-22,Bangalore,Potato,Chips,FAQ,2200,2800,2600
381,18-Aug-22,Bangalore,Potato,Local,FAQ,2000,2600,2300
382,18-Aug-22,Bangalore,Potato,Chips,FAQ,1700,2100,2000
383,17-Aug-22,Bangalore,Potato,Local,FAQ,2000,2600,2300
384,17-Aug-22,Bangalore,Potato,Chips,FAQ,1800,2400,2200
385,16-Aug-22,Bangalore,Potato,Local,FAQ,2000,2600,2400
386,16-Aug-22,Bangalore,Potato,Chips,FAQ,1800,2200,2000
387,12-Aug-22,Bangalore,Potato,Local,FAQ,2000,2600,2300
388,12-Aug-22,Bangalore,Potato,Chips,FAQ,2000,2500,2200
389,11-Aug-22,Bangalore,Potato,Local,FAQ,2000,2600,2200
390,11-Aug-22,Bangalore,Potato,Chips,FAQ,1800,2200,2000
391,10-Aug-22,Bangalore,Potato,Local,FAQ,2000,2600,2200
392,10-Aug-22,Bangalore,Potato,Potato,FAQ,1800,2200,2000
393,08-Aug-22,Bangalore,Potato,Local,FAQ,2000,2600,2200
394,08-Aug-22,Bangalore,Potato,Potato,FAQ,1800,2200,2000
395,06-Aug-22,Bangalore,Potato,Local,FAQ,1800,2400,2000
396,06-Aug-22,Bangalore,Potato,Potato,FAQ,2200,3000,2500
397,05-Aug-22,Bangalore,Potato,Local,FAQ,2000,2200,2100
398,05-Aug-22,Bangalore,Potato,Potato,FAQ,1800,2400,2100
399,04-Aug-22,Bangalore,Potato,Local,FAQ,2000,2200,2100
400,04-Aug-22,Bangalore,Potato,Potato,FAQ,1800,2400,2100
401,03-Aug-22,Bangalore,Potato,Local,FAQ,1800,2500,2200
402,03-Aug-22,Bangalore,Potato,Potato,FAQ,1800,2200,2000
403,02-Aug-22,Bangalore,Potato,Local,FAQ,1800,2500,2200
404,02-Aug-22,Bangalore,Potato,Potato,FAQ,1800,2200,2000
405,01-Aug-22,Bangalore,Potato,Local,FAQ,1800,2100,2000
406,01-Aug-22,Bangalore,Potato,Potato,FAQ,1800,2200,2000
407,30-Jul-22,Bangalore,Potato,Local,FAQ,1600,2000,1800
408,30-Jul-22,Bangalore,Potato,Potato,FAQ,1800,2200,2000
409,29-Jul-22,Bangalore,Potato,Local,FAQ,1600,2000,1800
410,29-Jul-22,Bangalore,Potato,Potato,FAQ,1800,2200,2000
411,28-Jul-22,Bangalore,Potato,Local,FAQ,1800,2200,2000
412,28-Jul-22,Bangalore,Potato,Potato,FAQ,1900,2200,2000
413,27-Jul-22,Bangalore,Potato,Local,FAQ,1800,2200,2000
414,27-Jul-22,Bangalore,Potato,Potato,FAQ,1900,2200,2000
415,26-Jul-22,Bangalore,Potato,Local,FAQ,1600,2000,1800
416,26-Jul-22,Bangalore,Potato,Potato,FAQ,1800,2100,2000
417,25-Jul-22,Bangalore,Potato,Local,FAQ,1800,2400,2000
418,25-Jul-22,Bangalore,Potato,Potato,FAQ,2200,2600,2400
419,22-Jul-22,Bangalore,Potato,Potato,FAQ,2200,3000,2500
420,21-Jul-22,Bangalore,Potato,Local,FAQ,1800,2400,2000
421,21-Jul-22,Bangalore,Potato,Potato,FAQ,2200,3000,2500
422,20-Jul-22,Bangalore,Potato,Potato,FAQ,2000,2700,2400
423,19-Jul-22,Bangalore,Potato,Potato,FAQ,2000,2700,2400
424,18-Jul-22,Bangalore,Potato,Local,FAQ,2600,2800,2700
425,18-Jul-22,Bangalore,Potato,Potato,FAQ,2000,2400,2200
426,16-Jul-22,Bangalore,Potato,Local,FAQ,2600,2800,2700
427,16-Jul-22,Bangalore,Potato,Potato,FAQ,2000,2400,2200
428,15-Jul-22,Bangalore,Potato,Local,FAQ,2600,2800,2700
429,15-Jul-22,Bangalore,Potato,Potato,FAQ,2000,2400,2200
430,14-Jul-22,Bangalore,Potato,Local,FAQ,2600,3200,2800
431,14-Jul-22,Bangalore,Potato,Potato,FAQ,2000,2400,2200
432,13-Jul-22,Bangalore,Potato,Local,FAQ,2600,2800,2700
433,13-Jul-22,Bangalore,Potato,Potato,FAQ,2000,2400,2200
434,12-Jul-22,Bangalore,Potato,Local,FAQ,2600,2800,2700
435,12-Jul-22,Bangalore,Potato,Potato,FAQ,2000,2400,2200
436,11-Jul-22,Bangalore,Potato,Local,FAQ,2600,2800,2700
437,11-Jul-22,Bangalore,Potato,Potato,FAQ,1800,2200,2000
438,08-Jul-22,Bangalore,Potato,Local,FAQ,2600,2800,2700
439,08-Jul-22,Bangalore,Potato,Potato,FAQ,1800,2200,2000
440,07-Jul-22,Bangalore,Potato,Local,FAQ,2600,2800,2700
441,07-Jul-22,Bangalore,Potato,Potato,FAQ,1800,2200,2000
442,06-Jul-22,Bangalore,Potato,Local,FAQ,2400,2800,2700
443,06-Jul-22,Bangalore,Potato,Potato,FAQ,1800,2200,2000
444,05-Jul-22,Bangalore,Potato,Local,FAQ,2400,2800,2700
445,05-Jul-22,Bangalore,Potato,Potato,FAQ,1800,2200,2000
446,04-Jul-22,Bangalore,Potato,Local,FAQ,2500,2800,2700
447,04-Jul-22,Bangalore,Potato,Potato,FAQ,1600,2000,1800
448,30-Jun-22,Bangalore,Potato,Local,FAQ,2500,2800,2700
449,30-Jun-22,Bangalore,Potato,Potato,FAQ,1600,2100,2000
450,29-Jun-22,Bangalore,Potato,Local,FAQ,2800,3200,3000
451,29-Jun-22,Bangalore,Potato,Potato,FAQ,1800,2100,2000
452,28-Jun-22,Bangalore,Potato,Local,FAQ,2800,3200,3000
453,28-Jun-22,Bangalore,Potato,Potato,FAQ,1800,2100,2000
454,27-Jun-22,Bangalore,Potato,Local,FAQ,2500,2800,2600
455,27-Jun-22,Bangalore,Potato,Potato,FAQ,1800,2200,2000
456,24-Jun-22,Bangalore,Potato,Local,FAQ,2500,2800,2600
457,24-Jun-22,Bangalore,Potato,Potato,FAQ,1800,2200,2000
458,23-Jun-22,Bangalore,Potato,Local,FAQ,2500,2800,2600
459,23-Jun-22,Bangalore,Potato,Potato,FAQ,1800,2200,2000
460,22-Jun-22,Bangalore,Potato,Local,FAQ,2600,2800,2700
461,22-Jun-22,Bangalore,Potato,Potato,FAQ,1700,2200,1900
462,21-Jun-22,Bangalore,Potato,Local,FAQ,2500,2800,2600
463,21-Jun-22,Bangalore,Potato,Potato,FAQ,1800,2200,2000
464,20-Jun-22,Bangalore,Potato,Local,FAQ,2500,2800,2600
465,20-Jun-22,Bangalore,Potato,Potato,FAQ,1800,2200,2000
466,18-Jun-22,Bangalore,Potato,Local,FAQ,2500,2700,2600
467,18-Jun-22,Bangalore,Potato,Potato,FAQ,1800,2100,1900
468,17-Jun-22,Bangalore,Potato,Local,FAQ,2500,2700,2600
469,17-Jun-22,Bangalore,Potato,Potato,FAQ,1800,2100,1900
470,16-Jun-22,Bangalore,Potato,Local,FAQ,2400,2600,2500
471,16-Jun-22,Bangalore,Potato,Potato,FAQ,1800,2100,1900
472,15-Jun-22,Bangalore,Potato,Local,FAQ,2400,2600,2500
473,15-Jun-22,Bangalore,Potato,Potato,FAQ,1600,2000,1900
474,14-Jun-22,Bangalore,Potato,Local,FAQ,2200,2600,2400
475,14-Jun-22,Bangalore,Potato,Potato,FAQ,2200,3000,2600
476,13-Jun-22,Bangalore,Potato,Local,FAQ,2300,2600,2400
477,13-Jun-22,Bangalore,Potato,Potato,FAQ,1600,2000,1800
478,10-Jun-22,Bangalore,Potato,Local,FAQ,2300,2600,2400
479,10-Jun-22,Bangalore,Potato,Potato,FAQ,1600,2000,1800
480,09-Jun-22,Bangalore,Potato,Local,FAQ,2300,2600,2400
481,09-Jun-22,Bangalore,Potato,Chips,FAQ,1600,2000,1800
482,08-Jun-22,Bangalore,Potato,Local,FAQ,2200,2600,2400
483,08-Jun-22,Bangalore,Potato,Potato,FAQ,1600,2000,1800
484,07-Jun-22,Bangalore,Potato,Local,FAQ,2200,2600,2400
485,07-Jun-22,Bangalore,Potato,Potato,FAQ,1600,2000,1800
486,06-Jun-22,Bangalore,Potato,Local,FAQ,2400,2800,2400
487,06-Jun-22,Bangalore,Potato,Potato,FAQ,1600,1950,1800
488,04-Jun-22,Bangalore,Potato,Local,FAQ,2400,2800,2400
489,04-Jun-22,Bangalore,Potato,Potato,FAQ,1600,1950,1800
490,03-Jun-22,Bangalore,Potato,Local,FAQ,2400,2800,2600
491,03-Jun-22,Bangalore,Potato,Potato,FAQ,1600,2100,1800
492,02-Jun-22,Bangalore,Potato,Local,FAQ,2000,2600,2200
493,02-Jun-22,Bangalore,Potato,Potato,FAQ,1800,2100,2000
494,31-May-22,Bangalore,Potato,Local,FAQ,2000,2600,2200
495,31-May-22,Bangalore,Potato,Potato,FAQ,1800,2100,2000
496,30-May-22,Bangalore,Potato,Local,FAQ,2000,2400,2200
497,30-May-22,Bangalore,Potato,Potato,FAQ,1700,2200,1800
498,27-May-22,Bangalore,Potato,Local,FAQ,1500,2000,1800
499,27-May-22,Bangalore,Potato,Potato,FAQ,1700,2000,1900
500,26-May-22,Bangalore,Potato,Local,FAQ,2000,2400,2200
501,26-May-22,Bangalore,Potato,Potato,FAQ,1600,2000,1800
502,25-May-22,Bangalore,Potato,Local,FAQ,2000,2400,2100
503,25-May-22,Bangalore,Potato,Potato,FAQ,1700,2100,1900
504,24-May-22,Bangalore,Potato,Local,FAQ,2200,2300,2300
505,24-May-22,Bangalore,Potato,Potato,FAQ,1600,2000,1900
506,23-May-22,Bangalore,Potato,Local,FAQ,2200,2300,2300
507,23-May-22,Bangalore,Potato,Potato,FAQ,1600,2000,1900
508,21-May-22,Bangalore,Potato,Local,FAQ,2200,2600,2300
509,21-May-22,Bangalore,Potato,Potato,FAQ,1600,2000,1800
510,20-May-22,Bangalore,Potato,Local,FAQ,2200,2500,2300
511,20-May-22,Bangalore,Potato,Potato,FAQ,1600,1800,1700
512,19-May-22,Bangalore,Potato,Local,FAQ,1700,2000,1900
513,19-May-22,Bangalore,Potato,Potato,FAQ,2000,2300,2100
514,18-May-22,Bangalore,Potato,Local,FAQ,1900,2400,2200
515,18-May-22,Bangalore,Potato,Potato,FAQ,1600,2000,1800
516,17-May-22,Bangalore,Potato,Local,FAQ,1900,2400,2200
517,17-May-22,Bangalore,Potato,Potato,FAQ,1600,2000,1800
518,16-May-22,Bangalore,Potato,Local,FAQ,2000,2400,2100
519,16-May-22,Bangalore,Potato,Potato,FAQ,1800,2100,2000
520,13-May-22,Bangalore,Potato,Local,FAQ,2000,2200,2100
521,13-May-22,Bangalore,Potato,Potato,FAQ,2000,2200,2100
522,12-May-22,Bangalore,Potato,Local,FAQ,1800,2100,1900
523,12-May-22,Bangalore,Potato,Potato,FAQ,1400,1800,1600
524,11-May-22,Bangalore,Potato,Local,FAQ,1800,2200,2100
525,11-May-22,Bangalore,Potato,Potato,FAQ,2100,2300,2100
526,10-May-22,Bangalore,Potato,Local,FAQ,1800,2200,2100
527,10-May-22,Bangalore,Potato,Potato,FAQ,1600,2000,1700
528,09-May-22,Bangalore,Potato,Local,FAQ,2100,2400,2200
529,09-May-22,Bangalore,Potato,Potato,FAQ,1600,2000,1700
530,07-May-22,Bangalore,Potato,Local,FAQ,1900,2500,2200
531,07-May-22,Bangalore,Potato,Potato,FAQ,1200,1800,1600
532,06-May-22,Bangalore,Potato,Local,FAQ,1900,2500,2200
533,06-May-22,Bangalore,Potato,Potato,FAQ,1200,1800,1600
534,05-May-22,Bangalore,Potato,Local,FAQ,1800,2200,2100
535,05-May-22,Bangalore,Potato,Potato,FAQ,1700,2000,1900
536,04-May-22,Bangalore,Potato,Local,FAQ,1700,2100,1900
537,04-May-22,Bangalore,Potato,Potato,FAQ,1400,1800,1700
538,30-Apr-22,Bangalore,Potato,Local,FAQ,1600,2000,1800
539,30-Apr-22,Bangalore,Potato,Potato,FAQ,2000,2200,2100
540,29-Apr-22,Bangalore,Potato,Local,FAQ,1200,1600,1400
541,29-Apr-22,Bangalore,Potato,Potato,FAQ,2000,2300,2200
542,28-Apr-22,Bangalore,Potato,Local,FAQ,800,1600,1100
543,28-Apr-22,Bangalore,Potato,Potato,FAQ,1600,1700,1650
544,27-Apr-22,Bangalore,Potato,Local,FAQ,800,1600,1100
545,27-Apr-22,Bangalore,Potato,Potato,FAQ,1300,2000,1500
546,26-Apr-22,Bangalore,Potato,Local,FAQ,1500,1700,1600
547,26-Apr-22,Bangalore,Potato,Potato,FAQ,1800,2000,1900
548,25-Apr-22,Bangalore,Potato,Local,FAQ,1800,2100,1900
549,25-Apr-22,Bangalore,Potato,Potato,FAQ,1600,1800,1700
550,22-Apr-22,Bangalore,Potato,Local,FAQ,1800,2000,1900
551,22-Apr-22,Bangalore,Potato,Potato,FAQ,1600,1800,1700
552,21-Apr-22,Bangalore,Potato,Local,FAQ,1800,2000,1900
553,21-Apr-22,Bangalore,Potato,Potato,FAQ,1600,1800,1700
554,20-Apr-22,Bangalore,Potato,Local,FAQ,1800,2000,1900
555,20-Apr-22,Bangalore,Potato,Potato,FAQ,1600,1800,1700
556,19-Apr-22,Bangalore,Potato,Local,FAQ,1800,2000,1900
557,19-Apr-22,Bangalore,Potato,Potato,FAQ,1600,1800,1700
558,18-Apr-22,Bangalore,Potato,Local,FAQ,1700,2000,1850
559,18-Apr-22,Bangalore,Potato,Potato,FAQ,1500,1700,1600
560,16-Apr-22,Bangalore,Potato,Local,FAQ,1200,1600,1400
561,16-Apr-22,Bangalore,Potato,Potato,FAQ,1500,1700,1600
562,13-Apr-22,Bangalore,Potato,Local,FAQ,1200,1600,1400
563,13-Apr-22,Bangalore,Potato,Potato,FAQ,1500,1700,1600
564,12-Apr-22,Bangalore,Potato,Local,FAQ,1400,1600,1500
565,12-Apr-22,Bangalore,Potato,Potato,FAQ,2000,2200,2100
566,11-Apr-22,Bangalore,Potato,Local,FAQ,1400,1600,1500
567,11-Apr-22,Bangalore,Potato,Potato,FAQ,2000,2200,2100
568,08-Apr-22,Bangalore,Potato,Local,FAQ,1300,1500,1400
569,08-Apr-22,Bangalore,Potato,Potato,FAQ,1200,1500,1350
570,07-Apr-22,Bangalore,Potato,Local,FAQ,1400,1600,1500
571,07-Apr-22,Bangalore,Potato,Potato,FAQ,1200,1400,1300
572,06-Apr-22,Bangalore,Potato,Local,FAQ,1500,1700,1600
573,06-Apr-22,Bangalore,Potato,Potato,FAQ,120,1400,1300
574,05-Apr-22,Bangalore,Potato,Local,FAQ,1500,1800,1650
575,05-Apr-22,Bangalore,Potato,Potato,FAQ,1000,1400,1200
576,04-Apr-22,Bangalore,Potato,Local,FAQ,1600,1800,1700
577,04-Apr-22,Bangalore,Potato,Potato,FAQ,1200,1400,1300
578,01-Apr-22,Bangalore,Potato,Local,FAQ,1600,1800,1700
579,01-Apr-22,Bangalore,Potato,Potato,FAQ,1200,1400,1300
580,31-Mar-22,Bangalore,Potato,Local,FAQ,1400,1600,1500
581,31-Mar-22,Bangalore,Potato,Potato,FAQ,1200,1400,1300
582,30-Mar-22,Bangalore,Potato,Local,FAQ,1400,1600,1500
583,30-Mar-22,Bangalore,Potato,Potato,FAQ,1200,1500,1350
584,29-Mar-22,Bangalore,Potato,Local,FAQ,1500,1700,1600
585,29-Mar-22,Bangalore,Potato,Potato,FAQ,1200,1300,1250
586,28-Mar-22,Bangalore,Potato,Local,FAQ,1500,1700,1600
587,28-Mar-22,Bangalore,Potato,Potato,FAQ,1200,1300,1250
588,25-Mar-22,Bangalore,Potato,Local,FAQ,1800,2000,1950
589,25-Mar-22,Bangalore,Potato,Potato,FAQ,1500,1700,1550
590,24-Mar-22,Bangalore,Potato,Local,FAQ,1800,2000,1950
591,24-Mar-22,Bangalore,Potato,Potato,FAQ,1500,1700,1550
592,23-Mar-22,Bangalore,Potato,Local,FAQ,1700,1950,1800
593,23-Mar-22,Bangalore,Potato,Potato,FAQ,1500,1700,1600
594,22-Mar-22,Bangalore,Potato,Local,FAQ,1600,1800,1700
595,22-Mar-22,Bangalore,Potato,Potato,FAQ,1500,1700,1600
596,21-Mar-22,Bangalore,Potato,Local,FAQ,1600,1800,1700
597,21-Mar-22,Bangalore,Potato,Chips,FAQ,1600,1800,1700
598,19-Mar-22,Bangalore,Potato,Local,FAQ,1400,1600,1500
599,19-Mar-22,Bangalore,Potato,Potato,FAQ,1200,1400,1300
600,18-Mar-22,Bangalore,Potato,Local,FAQ,1400,1600,1500
601,18-Mar-22,Bangalore,Potato,Potato,FAQ,1200,1400,1300
602,17-Mar-22,Bangalore,Potato,Local,FAQ,1500,1700,1600
603,17-Mar-22,Bangalore,Potato,Potato,FAQ,1200,1400,1300
604,16-Mar-22,Bangalore,Potato,Local,FAQ,1500,1700,1600
605,16-Mar-22,Bangalore,Potato,Potato,FAQ,1200,1400,1300
606,15-Mar-22,Bangalore,Potato,Local,FAQ,1500,1700,1600
607,15-Mar-22,Bangalore,Potato,Potato,FAQ,1200,1400,1300
608,14-Mar-22,Bangalore,Potato,Local,FAQ,1500,1700,1600
609,14-Mar-22,Bangalore,Potato,Potato,FAQ,1300,1500,1450
610,11-Mar-22,Bangalore,Potato,Local,FAQ,1400,1600,1500
611,11-Mar-22,Bangalore,Potato,Potato,FAQ,1400,1500,1450
612,10-Mar-22,Bangalore,Potato,Local,FAQ,1400,1600,1500
613,10-Mar-22,Bangalore,Potato,Potato,FAQ,1400,1500,1450
614,09-Mar-22,Bangalore,Potato,Local,FAQ,1400,1600,1500
615,09-Mar-22,Bangalore,Potato,Potato,FAQ,1400,1600,1500
616,08-Mar-22,Bangalore,Potato,Local,FAQ,1800,2100,1950
617,08-Mar-22,Bangalore,Potato,Potato,FAQ,1400,1600,1500
618,07-Mar-22,Bangalore,Potato,Local,FAQ,1800,2100,1950
619,07-Mar-22,Bangalore,Potato,Potato,FAQ,1400,1600,1500
620,05-Mar-22,Bangalore,Potato,Local,FAQ,1800,2100,1950
621,05-Mar-22,Bangalore,Potato,Potato,FAQ,1800,2100,1950
622,04-Mar-22,Bangalore,Potato,Local,FAQ,1600,1800,1700
623,04-Mar-22,Bangalore,Potato,Potato,FAQ,2000,2400,2200
624,03-Mar-22,Bangalore,Potato,Local,FAQ,1500,1800,1650
625,03-Mar-22,Bangalore,Potato,Potato,FAQ,1500,1700,1600
626,02-Mar-22,Bangalore,Potato,Local,FAQ,1400,1600,1500
627,02-Mar-22,Bangalore,Potato,Potato,FAQ,1200,1400,1300
628,28-Feb-22,Bangalore,Potato,Local,FAQ,1500,1700,1600
629,28-Feb-22,Bangalore,Potato,Potato,FAQ,1200,1400,1300
630,25-Feb-22,Bangalore,Potato,Local,FAQ,1600,1800,1700
631,25-Feb-22,Bangalore,Potato,Potato,FAQ,1200,1500,1350
632,24-Feb-22,Bangalore,Potato,Local,FAQ,1600,1800,1700
633,24-Feb-22,Bangalore,Potato,Potato,FAQ,1200,1500,1350
634,23-Feb-22,Bangalore,Potato,Local,FAQ,1500,1800,1650
635,23-Feb-22,Bangalore,Potato,Potato,FAQ,1200,1400,1300
636,22-Feb-22,Bangalore,Potato,Local,FAQ,1600,2000,1800
637,22-Feb-22,Bangalore,Potato,Potato,FAQ,1200,1400,1300
638,21-Feb-22,Bangalore,Potato,Local,FAQ,1600,1800,1700
639,21-Feb-22,Bangalore,Potato,Potato,FAQ,1200,1400,1300
640,19-Feb-22,Bangalore,Potato,Local,FAQ,1600,1800,1700
641,19-Feb-22,Bangalore,Potato,Potato,FAQ,1200,1400,1300
642,18-Feb-22,Bangalore,Potato,Local,FAQ,1600,1800,1700
643,18-Feb-22,Bangalore,Potato,Potato,FAQ,1200,1400,1300
644,17-Feb-22,Bangalore,Potato,Local,FAQ,1400,1600,1500
645,17-Feb-22,Bangalore,Potato,Potato,FAQ,1100,1300,1200
646,16-Feb-22,Bangalore,Potato,Local,FAQ,1500,1800,1650
647,16-Feb-22,Bangalore,Potato,Potato,FAQ,1200,1500,1350
648,15-Feb-22,Bangalore,Potato,Local,FAQ,1500,1800,1650
649,15-Feb-22,Bangalore,Potato,Potato,FAQ,1200,1500,1350
650,14-Feb-22,Bangalore,Potato,Local,FAQ,1600,1800,1700
651,14-Feb-22,Bangalore,Potato,Potato,FAQ,1500,1700,1600
652,11-Feb-22,Bangalore,Potato,Local,FAQ,1500,1800,1650
653,11-Feb-22,Bangalore,Potato,Potato,FAQ,1400,1800,1600
654,10-Feb-22,Bangalore,Potato,Local,FAQ,1500,1800,1650
655,10-Feb-22,Bangalore,Potato,Potato,FAQ,1400,1800,1600
656,09-Feb-22,Bangalore,Potato,Local,FAQ,1600,2000,1800
657,09-Feb-22,Bangalore,Potato,Potato,FAQ,1600,1800,1700
658,08-Feb-22,Bangalore,Potato,Local,FAQ,1500,1800,1650
659,08-Feb-22,Bangalore,Potato,Potato,FAQ,1600,2000,1800
660,07-Feb-22,Bangalore,Potato,Local,FAQ,1400,1600,1500
661,07-Feb-22,Bangalore,Potato,Potato,FAQ,1100,1500,1300
662,05-Feb-22,Bangalore,Potato,Local,FAQ,1400,1600,1500
663,05-Feb-22,Bangalore,Potato,Potato,FAQ,1000,1400,1200
664,04-Feb-22,Bangalore,Potato,Local,FAQ,1400,1600,1500
665,04-Feb-22,Bangalore,Potato,Potato,FAQ,1000,1400,1200
666,03-Feb-22,Bangalore,Potato,Local,FAQ,1400,1600,1500
667,03-Feb-22,Bangalore,Potato,Potato,FAQ,1200,1400,1300
668,02-Feb-22,Bangalore,Potato,Local,FAQ,1600,1800,1700
669,02-Feb-22,Bangalore,Potato,Potato,FAQ,1100,1200,1150
670,01-Feb-22,Bangalore,Potato,Local,FAQ,1600,1800,1700
671,01-Feb-22,Bangalore,Potato,Potato,FAQ,1100,1200,1150
672,31-Jan-22,Bangalore,Potato,Local,FAQ,1600,1800,1700
673,31-Jan-22,Bangalore,Potato,Potato,FAQ,1100,1600,1350
674,29-Jan-22,Bangalore,Potato,Local,FAQ,1500,2000,1750
675,29-Jan-22,Bangalore,Potato,Potato,FAQ,1000,1600,1300
676,28-Jan-22,Bangalore,Potato,Local,FAQ,1500,2000,1750
677,28-Jan-22,Bangalore,Potato,Potato,FAQ,1000,1600,1300
678,27-Jan-22,Bangalore,Potato,Local,FAQ,1500,1700,1600
679,27-Jan-22,Bangalore,Potato,Potato,FAQ,1200,1600,1400
680,25-Jan-22,Bangalore,Potato,Local,FAQ,1500,2000,1750
681,25-Jan-22,Bangalore,Potato,Potato,FAQ,1000,1400,1200
682,24-Jan-22,Bangalore,Potato,Local,FAQ,2000,2400,2200
683,24-Jan-22,Bangalore,Potato,Potato,FAQ,1200,1600,1400
684,21-Jan-22,Bangalore,Potato,Local,FAQ,2000,2400,2200
685,21-Jan-22,Bangalore,Potato,Potato,FAQ,1200,1600,1400
686,20-Jan-22,Bangalore,Potato,Local,FAQ,2000,2400,2200
687,20-Jan-22,Bangalore,Potato,Potato,FAQ,1200,1600,1400
688,19-Jan-22,Bangalore,Potato,Local,FAQ,2000,2400,2200
689,19-Jan-22,Bangalore,Potato,Potato,FAQ,1200,1600,1400
690,18-Jan-22,Bangalore,Potato,Local,FAQ,1800,2200,2000
691,18-Jan-22,Bangalore,Potato,Potato,FAQ,1200,1800,1500
692,17-Jan-22,Bangalore,Potato,Local,FAQ,1800,2200,2000
693,17-Jan-22,Bangalore,Potato,Potato,FAQ,1200,1800,1500
694,14-Jan-22,Bangalore,Potato,Local,FAQ,2000,2200,2100
695,14-Jan-22,Bangalore,Potato,Potato,FAQ,1200,1800,1500
696,13-Jan-22,Bangalore,Potato,Local,FAQ,1800,2200,2000
697,13-Jan-22,Bangalore,Potato,Potato,FAQ,1200,1300,1250
698,12-Jan-22,Bangalore,Potato,Local,FAQ,2000,2500,2250
699,12-Jan-22,Bangalore,Potato,Potato,FAQ,1200,1600,1400
700,11-Jan-22,Bangalore,Potato,Local,FAQ,2000,2500,2250
701,11-Jan-22,Bangalore,Potato,Potato,FAQ,1000,1500,1250
702,10-Jan-22,Bangalore,Potato,Local,FAQ,2000,2500,2250
703,10-Jan-22,Bangalore,Potato,Potato,FAQ,1000,1400,1200
704,07-Jan-22,Bangalore,Potato,Local,FAQ,2000,2500,2250
705,07-Jan-22,Bangalore,Potato,Potato,FAQ,1600,1800,1700
706,06-Jan-22,Bangalore,Potato,Local,FAQ,2000,2500,2250
707,06-Jan-22,Bangalore,Potato,Potato,FAQ,1600,1800,1700
708,05-Jan-22,Bangalore,Potato,Local,FAQ,2000,2500,2250
709,05-Jan-22,Bangalore,Potato,Potato,FAQ,1200,1600,1400
710,04-Jan-22,Bangalore,Potato,Local,FAQ,2000,2500,2250
711,04-Jan-22,Bangalore,Potato,Potato,FAQ,1200,1600,1400
712,03-Jan-22,Bangalore,Potato,Local,FAQ,2000,2500,2250
713,03-Jan-22,Bangalore,Potato,Potato,FAQ,1200,1600,1400
714,01-Jan-22,Bangalore,Potato,Local,FAQ,1500,2000,1750
715,01-Jan-22,Bangalore,Potato,Potato,FAQ,1500,1800,1650
716,31-Dec-21,Bangalore,Potato,Local,FAQ,1500,2000,1750
717,31-Dec-21,Bangalore,Potato,Potato,FAQ,1200,1600,1400
718,30-Dec-21,Bangalore,Potato,Local,FAQ,1500,2000,1750
719,30-Dec-21,Bangalore,Potato,Potato,FAQ,1200,1600,1400
720,29-Dec-21,Bangalore,Potato,Local,FAQ,1600,2000,1800
721,29-Dec-21,Bangalore,Potato,Potato,FAQ,1000,1500,1250
722,28-Dec-21,Bangalore,Potato,Local,FAQ,1500,2000,1750
723,28-Dec-21,Bangalore,Potato,Potato,FAQ,1200,1600,1400
724,27-Dec-21,Bangalore,Potato,Local,FAQ,1500,2000,1750
725,27-Dec-21,Bangalore,Potato,Potato,FAQ,1200,1600,1400
726,24-Dec-21,Bangalore,Potato,Local,FAQ,800,2200,1500
727,24-Dec-21,Bangalore,Potato,Potato,FAQ,1200,1700,1450
728,23-Dec-21,Bangalore,Potato,Local,FAQ,800,2200,1500
729,23-Dec-21,Bangalore,Potato,Potato,FAQ,1200,1700,1450
730,22-Dec-21,Bangalore,Potato,Local,FAQ,1800,2200,2000
731,22-Dec-21,Bangalore,Potato,Potato,FAQ,1200,1700,1450
732,21-Dec-21,Bangalore,Potato,Local,FAQ,1600,2000,1800
733,21-Dec-21,Bangalore,Potato,Potato,FAQ,1200,1800,1500
734,20-Dec-21,Bangalore,Potato,Local,FAQ,1600,2000,1800
735,20-Dec-21,Bangalore,Potato,Potato,FAQ,1200,1800,1500
736,18-Dec-21,Bangalore,Potato,Local,FAQ,1600,2000,1800
737,18-Dec-21,Bangalore,Potato,Potato,FAQ,1200,1800,1500
738,17-Dec-21,Bangalore,Potato,Local,FAQ,1400,1800,1600
739,17-Dec-21,Bangalore,Potato,Potato,FAQ,1200,1800,1500
740,16-Dec-21,Bangalore,Potato,Local,FAQ,1500,1700,1600
741,16-Dec-21,Bangalore,Potato,Potato,FAQ,1200,1600,1400
742,15-Dec-21,Bangalore,Potato,Local,FAQ,1500,1700,1600
743,15-Dec-21,Bangalore,Potato,Potato,FAQ,1200,1600,1400
744,14-Dec-21,Bangalore,Potato,Local,FAQ,1200,1400,1300
745,14-Dec-21,Bangalore,Potato,Potato,FAQ,1200,1800,1500
746,13-Dec-21,Bangalore,Potato,Local,FAQ,1600,2000,1800
747,13-Dec-21,Bangalore,Potato,Potato,FAQ,1200,1800,1500
748,10-Dec-21,Bangalore,Potato,Local,FAQ,1600,2000,1800
749,10-Dec-21,Bangalore,Potato,Potato,FAQ,1200,1800,1500
750,09-Dec-21,Bangalore,Potato,Local,FAQ,1400,2200,1800
751,09-Dec-21,Bangalore,Potato,Potato,FAQ,1500,2000,1750
752,08-Dec-21,Bangalore,Potato,Local,FAQ,1200,1400,1300
753,08-Dec-21,Bangalore,Potato,Potato,FAQ,1200,1800,1500
754,07-Dec-21,Bangalore,Potato,Local,FAQ,1200,1400,1300
755,07-Dec-21,Bangalore,Potato,Potato,FAQ,1200,1600,1400
756,06-Dec-21,Bangalore,Potato,Local,FAQ,1000,1200,1100
757,06-Dec-21,Bangalore,Potato,Potato,FAQ,1200,1800,1500
758,04-Dec-21,Bangalore,Potato,Local,FAQ,1200,1400,1300
759,04-Dec-21,Bangalore,Potato,Potato,FAQ,1200,1800,1500
760,03-Dec-21,Bangalore,Potato,Local,FAQ,1100,1300,1200
761,03-Dec-21,Bangalore,Potato,Potato,FAQ,1000,1500,1250
762,02-Dec-21,Bangalore,Potato,Local,FAQ,1000,1400,1200
763,02-Dec-21,Bangalore,Potato,Potato,FAQ,1000,1600,1300
764,01-Dec-21,Bangalore,Potato,Local,FAQ,1000,1400,1200
765,01-Dec-21,Bangalore,Potato,Potato,FAQ,1000,1600,1300
766,30-Nov-21,Bangalore,Potato,Local,FAQ,1000,1200,1100
767,30-Nov-21,Bangalore,Potato,Potato,FAQ,1200,1600,1400
768,29-Nov-21,Bangalore,Potato,Local,FAQ,1000,1400,1200
769,29-Nov-21,Bangalore,Potato,Potato,FAQ,1400,1800,1600
770,26-Nov-21,Bangalore,Potato,Local,FAQ,1600,2000,1800
771,26-Nov-21,Bangalore,Potato,Potato,FAQ,1500,2000,1750
772,25-Nov-21,Bangalore,Potato,Local,FAQ,1600,2000,1800
773,25-Nov-21,Bangalore,Potato,Potato,FAQ,1500,2000,1750
774,24-Nov-21,Bangalore,Potato,Local,FAQ,1800,2300,2050
775,24-Nov-21,Bangalore,Potato,Potato,FAQ,1800,2400,2100
776,23-Nov-21,Bangalore,Potato,Local,FAQ,1800,2200,2000
777,23-Nov-21,Bangalore,Potato,Potato,FAQ,1400,2000,1700
778,20-Nov-21,Bangalore,Potato,Local,FAQ,1800,2200,2000
779,20-Nov-21,Bangalore,Potato,Potato,FAQ,1400,2000,1700
780,19-Nov-21,Bangalore,Potato,Local,FAQ,1600,2000,1800
781,19-Nov-21,Bangalore,Potato,Potato,FAQ,1400,2200,1800
782,18-Nov-21,Bangalore,Potato,Local,FAQ,1600,2200,1900
783,18-Nov-21,Bangalore,Potato,Potato,FAQ,1600,2400,2000
784,17-Nov-21,Bangalore,Potato,Local,FAQ,1400,1600,1500
785,17-Nov-21,Bangalore,Potato,Potato,FAQ,1500,1800,1650
786,16-Nov-21,Bangalore,Potato,Local,FAQ,1200,1600,1400
787,16-Nov-21,Bangalore,Potato,Potato,FAQ,1600,2000,1800
788,15-Nov-21,Bangalore,Potato,Local,FAQ,1600,2000,1800
789,15-Nov-21,Bangalore,Potato,Potato,FAQ,2000,2200,2100
790,12-Nov-21,Bangalore,Potato,Local,FAQ,800,1000,900
791,12-Nov-21,Bangalore,Potato,Potato,FAQ,1000,1100,1050
792,11-Nov-21,Bangalore,Potato,Local,FAQ,900,1000,950
793,11-Nov-21,Bangalore,Potato,Potato,FAQ,1100,1200,1150
794,10-Nov-21,Bangalore,Potato,Local,FAQ,800,1000,900
795,10-Nov-21,Bangalore,Potato,Chips,FAQ,1000,1200,1100
796,09-Nov-21,Bangalore,Potato,Local,FAQ,1000,1200,1100
797,09-Nov-21,Bangalore,Potato,Potato,FAQ,1200,1300,1250
798,08-Nov-21,Bangalore,Potato,Local,FAQ,1000,1200,1100
799,08-Nov-21,Bangalore,Potato,Potato,FAQ,1200,1300,1250
800,06-Nov-21,Bangalore,Potato,Local,FAQ,1200,1400,1300
801,06-Nov-21,Bangalore,Potato,Potato,FAQ,1600,1800,1700
802,04-Nov-21,Bangalore,Potato,Local,FAQ,1200,1400,1300
803,04-Nov-21,Bangalore,Potato,Potato,FAQ,1600,1800,1700
804,02-Nov-21,Bangalore,Potato,Local,FAQ,1200,1400,1300
805,02-Nov-21,Bangalore,Potato,Potato,FAQ,1600,1800,1700
806,30-Oct-21,Bangalore,Potato,Local,FAQ,1100,1300,1200
807,30-Oct-21,Bangalore,Potato,Potato,FAQ,1400,1700,1550
808,29-Oct-21,Bangalore,Potato,Local,FAQ,1100,1300,1200
809,29-Oct-21,Bangalore,Potato,Potato,FAQ,1400,1700,1550
810,28-Oct-21,Bangalore,Potato,Local,FAQ,1200,1400,1300
811,28-Oct-21,Bangalore,Potato,Potato,FAQ,1600,1800,1700
812,27-Oct-21,Bangalore,Potato,Local,FAQ,1100,1300,1200
813,27-Oct-21,Bangalore,Potato,Potato,FAQ,1500,1700,1600
814,26-Oct-21,Bangalore,Potato,Local,FAQ,1100,1300,1200
815,26-Oct-21,Bangalore,Potato,Potato,FAQ,1400,1700,1550
816,25-Oct-21,Bangalore,Potato,Local,FAQ,1100,1300,1200
817,25-Oct-21,Bangalore,Potato,Chips,FAQ,1400,1700,1550
818,22-Oct-21,Bangalore,Potato,Local,FAQ,1100,1300,1200
819,22-Oct-21,Bangalore,Potato,Potato,FAQ,1400,1600,1500
820,21-Oct-21,Bangalore,Potato,Local,FAQ,1200,1400,1300
821,21-Oct-21,Bangalore,Potato,Potato,FAQ,1400,1600,1500
822,18-Oct-21,Bangalore,Potato,Local,FAQ,1200,1400,1300
823,18-Oct-21,Bangalore,Potato,Potato,FAQ,1400,1600,1500
824,16-Oct-21,Bangalore,Potato,Local,FAQ,1200,1400,1300
825,16-Oct-21,Bangalore,Potato,Potato,FAQ,1400,1600,1500
826,13-Oct-21,Bangalore,Potato,Local,FAQ,1000,1200,1100
827,13-Oct-21,Bangalore,Potato,Potato,FAQ,1200,1600,1400
828,12-Oct-21,Bangalore,Potato,Local,FAQ,1100,1300,1200
829,12-Oct-21,Bangalore,Potato,Potato,FAQ,1400,1600,1500
830,11-Oct-21,Bangalore,Potato,Local,FAQ,1000,1300,1150
831,11-Oct-21,Bangalore,Potato,Potato,FAQ,1400,1600,1500
832,08-Oct-21,Bangalore,Potato,Local,FAQ,1200,1400,1300
833,08-Oct-21,Bangalore,Potato,Potato,FAQ,1500,1700,1600
834,07-Oct-21,Bangalore,Potato,Local,FAQ,1000,1200,1100
835,07-Oct-21,Bangalore,Potato,Potato,FAQ,1500,1700,1600
836,05-Oct-21,Bangalore,Potato,Local,FAQ,1200,1400,1300
837,05-Oct-21,Bangalore,Potato,Potato,FAQ,1600,1800,1700
838,04-Oct-21,Bangalore,Potato,Local,FAQ,1100,1300,1200
839,04-Oct-21,Bangalore,Potato,Potato,FAQ,1400,1600,1500
840,01-Oct-21,Bangalore,Potato,Local,FAQ,900,1100,1000
841,01-Oct-21,Bangalore,Potato,Potato,FAQ,1400,1600,1500
842,30-Sep-21,Bangalore,Potato,Local,FAQ,1000,1200,1100
843,30-Sep-21,Bangalore,Potato,Potato,FAQ,1400,1600,1500
844,29-Sep-21,Bangalore,Potato,Local,FAQ,1000,1200,1100
845,29-Sep-21,Bangalore,Potato,Potato,FAQ,1400,1600,1500
846,28-Sep-21,Bangalore,Potato,Local,FAQ,1000,1200,1100
847,28-Sep-21,Bangalore,Potato,Potato,FAQ,1400,1600,1500
848,27-Sep-21,Bangalore,Potato,Local,FAQ,1100,1300,1200
849,27-Sep-21,Bangalore,Potato,Potato,FAQ,1300,1500,1400
850,24-Sep-21,Bangalore,Potato,Local,FAQ,900,1100,1000
851,24-Sep-21,Bangalore,Potato,Potato,FAQ,1300,1500,1400
852,23-Sep-21,Bangalore,Potato,Local,FAQ,900,1100,1000
853,23-Sep-21,Bangalore,Potato,Potato,FAQ,1100,1300,1200
854,22-Sep-21,Bangalore,Potato,Local,FAQ,800,1000,900
855,22-Sep-21,Bangalore,Potato,Potato,FAQ,1200,1400,1300
856,21-Sep-21,Bangalore,Potato,Local,FAQ,800,1000,900
857,21-Sep-21,Bangalore,Potato,Potato,FAQ,1000,1200,1100
858,20-Sep-21,Bangalore,Potato,Local,FAQ,800,1000,900
859,20-Sep-21,Bangalore,Potato,Potato,FAQ,1200,1400,1300
860,18-Sep-21,Bangalore,Potato,Local,FAQ,600,800,700
861,18-Sep-21,Bangalore,Potato,Potato,FAQ,1000,1200,1100
862,17-Sep-21,Bangalore,Potato,Local,FAQ,700,900,800
863,17-Sep-21,Bangalore,Potato,Potato,FAQ,1200,1400,1300
864,16-Sep-21,Bangalore,Potato,Local,FAQ,600,800,700
865,16-Sep-21,Bangalore,Potato,Potato,FAQ,1100,1300,1200
866,15-Sep-21,Bangalore,Potato,Local,FAQ,700,900,800
867,15-Sep-21,Bangalore,Potato,Potato,FAQ,1200,1400,1300
868,14-Sep-21,Bangalore,Potato,Local,FAQ,1000,1200,1100
869,14-Sep-21,Bangalore,Potato,Potato,FAQ,1300,1500,1400
870,13-Sep-21,Bangalore,Potato,Local,FAQ,1000,1300,1150
871,13-Sep-21,Bangalore,Potato,Potato,FAQ,1400,1600,1500
872,09-Sep-21,Bangalore,Potato,Local,FAQ,1100,1300,1200
873,09-Sep-21,Bangalore,Potato,Potato,FAQ,1400,1600,1500
874,08-Sep-21,Bangalore,Potato,Local,FAQ,1100,1300,1200
875,08-Sep-21,Bangalore,Potato,Potato,FAQ,1400,1600,1500
876,07-Sep-21,Bangalore,Potato,Local,FAQ,1100,1300,1200
877,07-Sep-21,Bangalore,Potato,Potato,FAQ,1400,1600,1500
878,06-Sep-21,Bangalore,Potato,Local,FAQ,1100,1300,1200
879,06-Sep-21,Bangalore,Potato,Potato,FAQ,1400,1600,1500
880,04-Sep-21,Bangalore,Potato,Local,FAQ,1000,1200,1100
881,04-Sep-21,Bangalore,Potato,Potato,FAQ,1500,1700,1600
882,03-Sep-21,Bangalore,Potato,Local,FAQ,1100,1300,1200
883,03-Sep-21,Bangalore,Potato,Chips,FAQ,1400,1600,1500
884,02-Sep-21,Bangalore,Potato,Local,FAQ,1000,1200,1100
885,02-Sep-21,Bangalore,Potato,Potato,FAQ,1400,2000,1700
886,01-Sep-21,Bangalore,Potato,Local,FAQ,1100,1300,1200
887,01-Sep-21,Bangalore,Potato,Potato,FAQ,1400,1600,1500
888,31-Aug-21,Bangalore,Potato,Local,FAQ,1000,1200,1100
889,31-Aug-21,Bangalore,Potato,Potato,FAQ,1400,1600,1500
890,30-Aug-21,Bangalore,Potato,Local,FAQ,900,1100,1000
891,30-Aug-21,Bangalore,Potato,Potato,FAQ,1400,1600,1500
892,27-Aug-21,Bangalore,Potato,Local,FAQ,1000,1300,1150
893,27-Aug-21,Bangalore,Potato,Potato,FAQ,1500,1700,1600
894,26-Aug-21,Bangalore,Potato,Local,FAQ,1000,1200,1100
895,26-Aug-21,Bangalore,Potato,Potato,FAQ,1500,1700,1600
896,25-Aug-21,Bangalore,Potato,Local,FAQ,1000,1200,1100
897,25-Aug-21,Bangalore,Potato,Potato,FAQ,1500,1700,1600
898,24-Aug-21,Bangalore,Potato,Local,FAQ,900,1100,1000
899,24-Aug-21,Bangalore,Potato,Potato,FAQ,1400,1600,1500
900,23-Aug-21,Bangalore,Potato,Local,FAQ,1000,1200,1100
901,23-Aug-21,Bangalore,Potato,Chips,FAQ,1400,1600,1500
902,21-Aug-21,Bangalore,Potato,Local,FAQ,1000,1200,1100
903,21-Aug-21,Bangalore,Potato,Chips,FAQ,1400,1700,1550
904,19-Aug-21,Bangalore,Potato,Local,FAQ,1000,1200,1100
905,19-Aug-21,Bangalore,Potato,Potato,FAQ,1500,1700,1600
906,18-Aug-21,Bangalore,Potato,Local,FAQ,1000,1200,1100
907,18-Aug-21,Bangalore,Potato,Potato,FAQ,1500,1700,1600
908,17-Aug-21,Bangalore,Potato,Local,FAQ,1500,1700,1600
909,17-Aug-21,Bangalore,Potato,Potato,FAQ,1400,1600,1500
910,16-Aug-21,Bangalore,Potato,Local,FAQ,1400,1600,1500
911,16-Aug-21,Bangalore,Potato,Potato,FAQ,1400,1700,1550
912,13-Aug-21,Bangalore,Potato,Local,FAQ,1000,1200,1100
913,13-Aug-21,Bangalore,Potato,Potato,FAQ,1400,1600,1500
914,12-Aug-21,Bangalore,Potato,Local,FAQ,1100,1300,1200
915,12-Aug-21,Bangalore,Potato,Potato,FAQ,1500,1700,1600
916,11-Aug-21,Bangalore,Potato,Local,FAQ,1000,1200,1100
917,11-Aug-21,Bangalore,Potato,Potato,FAQ,1500,1700,1600
918,10-Aug-21,Bangalore,Potato,Local,FAQ,1000,1200,1100
919,10-Aug-21,Bangalore,Potato,Potato,FAQ,1500,1700,1600
920,09-Aug-21,Bangalore,Potato,Local,FAQ,1000,1200,1100
921,09-Aug-21,Bangalore,Potato,Potato,FAQ,1500,1700,1600
922,07-Aug-21,Bangalore,Potato,Local,FAQ,800,1000,900
923,07-Aug-21,Bangalore,Potato,Potato,FAQ,1300,1500,1400
924,06-Aug-21,Bangalore,Potato,Local,FAQ,900,1100,1000
925,06-Aug-21,Bangalore,Potato,Potato,FAQ,1400,1600,1500
926,04-Aug-21,Bangalore,Potato,Local,FAQ,1200,1400,1300
927,04-Aug-21,Bangalore,Potato,Potato,FAQ,1500,1700,1600
928,03-Aug-21,Bangalore,Potato,Local,FAQ,1000,1200,1100
929,03-Aug-21,Bangalore,Potato,Potato,FAQ,1500,1700,1600
930,02-Aug-21,Bangalore,Potato,Local,FAQ,900,1100,1000
931,02-Aug-21,Bangalore,Potato,Potato,FAQ,1500,1700,1600
932,31-Jul-21,Bangalore,Potato,Local,FAQ,1000,1200,1100
933,31-Jul-21,Bangalore,Potato,Potato,FAQ,1500,1700,1600
934,30-Jul-21,Bangalore,Potato,Local,FAQ,700,900,800
935,30-Jul-21,Bangalore,Potato,Potato,FAQ,1400,1600,1500
936,29-Jul-21,Bangalore,Potato,Local,FAQ,700,900,800
937,29-Jul-21,Bangalore,Potato,Potato,FAQ,1300,1500,1400
938,28-Jul-21,Bangalore,Potato,Local,FAQ,900,1100,1000
939,28-Jul-21,Bangalore,Potato,Potato,FAQ,1300,1500,1400
940,27-Jul-21,Bangalore,Potato,Local,FAQ,800,1000,900
941,27-Jul-21,Bangalore,Potato,Potato,FAQ,1200,1500,1350
942,26-Jul-21,Bangalore,Potato,Local,FAQ,900,1100,1000
943,26-Jul-21,Bangalore,Potato,Potato,FAQ,1400,1600,1500
944,23-Jul-21,Bangalore,Potato,Local,FAQ,1000,1200,1100
945,23-Jul-21,Bangalore,Potato,Potato,FAQ,1500,1700,1600
946,22-Jul-21,Bangalore,Potato,Local,FAQ,1000,1200,1100
947,22-Jul-21,Bangalore,Potato,Potato,FAQ,1500,1700,1600
948,20-Jul-21,Bangalore,Potato,Local,FAQ,1100,1300,1200
949,20-Jul-21,Bangalore,Potato,Potato,FAQ,1500,1700,1600
950,19-Jul-21,Bangalore,Potato,Local,FAQ,1000,1200,1100
951,19-Jul-21,Bangalore,Potato,Potato,FAQ,1500,1700,1600
952,17-Jul-21,Bangalore,Potato,Local,FAQ,800,1000,900
953,17-Jul-21,Bangalore,Potato,Potato,FAQ,1300,1500,1400
954,16-Jul-21,Bangalore,Potato,Local,FAQ,900,1100,1000
955,16-Jul-21,Bangalore,Potato,Potato,FAQ,1300,1500,1400
956,15-Jul-21,Bangalore,Potato,Local,FAQ,900,1100,1000
957,15-Jul-21,Bangalore,Potato,Potato,FAQ,1200,1500,1350
958,14-Jul-21,Bangalore,Potato,Local,FAQ,900,1100,1000
959,14-Jul-21,Bangalore,Potato,Potato,FAQ,1200,1500,1350
960,13-Jul-21,Bangalore,Potato,Local,FAQ,1000,1100,1050
961,13-Jul-21,Bangalore,Potato,Potato,FAQ,1200,1500,1350
962,12-Jul-21,Bangalore,Potato,Local,FAQ,1000,1200,1100
963,12-Jul-21,Bangalore,Potato,Potato,FAQ,1200,1400,1300
964,09-Jul-21,Bangalore,Potato,Local,FAQ,900,1100,1000
965,09-Jul-21,Bangalore,Potato,Potato,FAQ,1200,1400,1300
966,08-Jul-21,Bangalore,Potato,Local,FAQ,1000,1200,1100
967,08-Jul-21,Bangalore,Potato,Potato,FAQ,1200,1400,1300
968,07-Jul-21,Bangalore,Potato,Local,FAQ,1100,1300,1200
969,07-Jul-21,Bangalore,Potato,Potato,FAQ,1300,1500,1400
970,06-Jul-21,Bangalore,Potato,Local,FAQ,1000,1200,1100
971,06-Jul-21,Bangalore,Potato,Potato,FAQ,1300,1500,1400
972,05-Jul-21,Bangalore,Potato,Local,FAQ,1100,1300,1200
973,05-Jul-21,Bangalore,Potato,Potato,FAQ,1300,1500,1400
974,03-Jul-21,Bangalore,Potato,Local,FAQ,1000,1200,1100
975,03-Jul-21,Bangalore,Potato,Potato,FAQ,1300,1500,1400
976,02-Jul-21,Bangalore,Potato,Local,FAQ,1000,1200,1100
977,02-Jul-21,Bangalore,Potato,Potato,FAQ,1300,1500,1400
978,28-Jun-21,Bangalore,Potato,Local,FAQ,900,1100,1000
979,28-Jun-21,Bangalore,Potato,Potato,FAQ,1300,1500,1400
980,25-Jun-21,Bangalore,Potato,Local,FAQ,1000,1200,1100
981,25-Jun-21,Bangalore,Potato,Potato,FAQ,1200,1400,1300
982,24-Jun-21,Bangalore,Potato,Local,FAQ,1000,1400,1200
983,24-Jun-21,Bangalore,Potato,Potato,FAQ,1200,1400,1300
984,23-Jun-21,Bangalore,Potato,Local,FAQ,1200,1400,1300
985,23-Jun-21,Bangalore,Potato,Potato,FAQ,1200,1400,1300
986,22-Jun-21,Bangalore,Potato,Local,FAQ,1400,1600,1500
987,22-Jun-21,Bangalore,Potato,Potato,FAQ,1300,1500,1400
988,21-Jun-21,Bangalore,Potato,Local,FAQ,1400,1600,1500
989,21-Jun-21,Bangalore,Potato,Potato,FAQ,1300,1500,1400
990,19-Jun-21,Bangalore,Potato,Local,FAQ,1400,1600,1500
991,19-Jun-21,Bangalore,Potato,Potato,FAQ,1300,1400,1350
992,18-Jun-21,Bangalore,Potato,Local,FAQ,1400,1600,1500
993,18-Jun-21,Bangalore,Potato,Potato,FAQ,1300,1500,1400
994,17-Jun-21,Bangalore,Potato,Local,FAQ,1400,1600,1500
995,17-Jun-21,Bangalore,Potato,Potato,FAQ,1300,1500,1400
996,16-Jun-21,Bangalore,Potato,Local,FAQ,1400,1600,1500
997,16-Jun-21,Bangalore,Potato,Potato,FAQ,1300,1500,1400
998,15-Jun-21,Bangalore,Potato,Local,FAQ,1600,1800,1700
999,15-Jun-21,Bangalore,Potato,Potato,FAQ,1300,1500,1400
1000,14-Jun-21,Bangalore,Potato,Local,FAQ,1400,1600,1500
1001,14-Jun-21,Bangalore,Potato,Potato,FAQ,1200,1400,1300
1002,11-Jun-21,Bangalore,Potato,Local,FAQ,1600,1800,1700
1003,11-Jun-21,Bangalore,Potato,Potato,FAQ,1200,1400,1300
1004,10-Jun-21,Bangalore,Potato,Local,FAQ,1400,1600,1500
1005,10-Jun-21,Bangalore,Potato,Potato,FAQ,1200,1400,1300
1006,09-Jun-21,Bangalore,Potato,Local,FAQ,1400,1600,1500
1007,09-Jun-21,Bangalore,Potato,Potato,FAQ,1200,1400,1300
1008,08-Jun-21,Bangalore,Potato,Local,FAQ,1500,1650,1575
1009,08-Jun-21,Bangalore,Potato,Potato,FAQ,1200,1400,1300
1010,07-Jun-21,Bangalore,Potato,Local,FAQ,1500,1600,1550
1011,07-Jun-21,Bangalore,Potato,Potato,FAQ,1200,1400,1300
1012,05-Jun-21,Bangalore,Potato,Local,FAQ,1500,1600,1550
1013,05-Jun-21,Bangalore,Potato,Potato,FAQ,1200,1400,1300
1014,04-Jun-21,Bangalore,Potato,Local,FAQ,1500,1600,1550
1015,04-Jun-21,Bangalore,Potato,Potato,FAQ,1200,1400,1300
1016,03-Jun-21,Bangalore,Potato,Local,FAQ,1400,1600,1500
1017,03-Jun-21,Bangalore,Potato,Potato,FAQ,1200,1400,1300
1018,02-Jun-21,Bangalore,Potato,Local,FAQ,1500,1650,1575
1019,02-Jun-21,Bangalore,Potato,Potato,FAQ,1300,1500,1400
1020,01-Jun-21,Bangalore,Potato,Local,FAQ,1500,1650,1575
1021,01-Jun-21,Bangalore,Potato,Potato,FAQ,1300,1500,1400
1022,31-May-21,Bangalore,Potato,Local,FAQ,1500,1600,1550
1023,31-May-21,Bangalore,Potato,Potato,FAQ,1300,1400,1350
1024,29-May-21,Bangalore,Potato,Local,FAQ,1300,1500,1450
1025,29-May-21,Bangalore,Potato,Potato,FAQ,130,1400,1350
1026,28-May-21,Bangalore,Potato,Local,FAQ,1300,1500,1450
1027,28-May-21,Bangalore,Potato,Potato,FAQ,1300,1400,1350
1028,27-May-21,Bangalore,Potato,Local,FAQ,1350,1450,1400
1029,27-May-21,Bangalore,Potato,Potato,FAQ,1300,1500,1400
1030,26-May-21,Bangalore,Potato,Local,FAQ,1350,1450,1400
1031,26-May-21,Bangalore,Potato,Potato,FAQ,1300,1500,1400
1032,25-May-21,Bangalore,Potato,Local,FAQ,1600,1700,1650
1033,25-May-21,Bangalore,Potato,Potato,FAQ,1300,1450,1375
1034,24-May-21,Bangalore,Potato,Local,FAQ,1300,1400,1350
1035,24-May-21,Bangalore,Potato,Potato,FAQ,1400,1500,1450
1036,21-May-21,Bangalore,Potato,Local,FAQ,1300,1400,1350
1037,21-May-21,Bangalore,Potato,Potato,FAQ,1300,1400,1350
1038,20-May-21,Bangalore,Potato,Local,FAQ,1300,1400,1350
1039,20-May-21,Bangalore,Potato,Potato,FAQ,1300,1400,1350
1040,19-May-21,Bangalore,Potato,Local,FAQ,1500,1600,1550
1041,19-May-21,Bangalore,Potato,Potato,FAQ,1200,1400,1300
1042,18-May-21,Bangalore,Potato,Local,FAQ,1400,1500,1450
1043,18-May-21,Bangalore,Potato,Potato,FAQ,1200,1400,1300
1044,17-May-21,Bangalore,Potato,Local,FAQ,1200,1300,1250
1045,17-May-21,Bangalore,Potato,Potato,FAQ,1400,1600,1500
1046,15-May-21,Bangalore,Potato,Local,FAQ,1300,1400,1350
1047,15-May-21,Bangalore,Potato,Potato,FAQ,1600,1800,1700
1048,13-May-21,Bangalore,Potato,Local,FAQ,1300,1400,1350
1049,13-May-21,Bangalore,Potato,Potato,FAQ,1600,1800,1700
1050,12-May-21,Bangalore,Potato,Local,FAQ,1300,1500,1400
1051,12-May-21,Bangalore,Potato,Potato,FAQ,1400,1600,1500
1052,11-May-21,Bangalore,Potato,Local,FAQ,1300,1500,1400
1053,11-May-21,Bangalore,Potato,Potato,FAQ,1500,1700,1600
1054,10-May-21,Bangalore,Potato,Local,FAQ,1200,1400,1300
1055,10-May-21,Bangalore,Potato,Potato,FAQ,1400,1600,1500
1056,07-May-21,Bangalore,Potato,Local,FAQ,1300,1500,1400
1057,07-May-21,Bangalore,Potato,Potato,FAQ,1400,1500,1450
1058,06-May-21,Bangalore,Potato,Local,FAQ,1300,1500,1400
1059,06-May-21,Bangalore,Potato,Potato,FAQ,1400,1500,1450
1060,05-May-21,Bangalore,Potato,Local,FAQ,1300,1500,1400
1061,05-May-21,Bangalore,Potato,Potato,FAQ,1400,1500,1450
1062,04-May-21,Bangalore,Potato,Local,FAQ,1300,1500,1400
1063,04-May-21,Bangalore,Potato,Potato,FAQ,1400,1500,1450
1064,03-May-21,Bangalore,Potato,Local,FAQ,1200,1300,1250
1065,03-May-21,Bangalore,Potato,Potato,FAQ,1600,1800,1700
1066,30-Apr-21,Bangalore,Potato,Local,FAQ,1200,1300,1250
1067,30-Apr-21,Bangalore,Potato,Potato,FAQ,1400,1600,1500
1068,29-Apr-21,Bangalore,Potato,Local,FAQ,1400,1500,1450
1069,29-Apr-21,Bangalore,Potato,Potato,FAQ,1600,1800,1700
1070,28-Apr-21,Bangalore,Potato,Local,FAQ,1300,1400,1350
1071,28-Apr-21,Bangalore,Potato,Potato,FAQ,1600,1800,1700
1072,27-Apr-21,Bangalore,Potato,Local,FAQ,1400,1600,1500
1073,27-Apr-21,Bangalore,Potato,Potato,FAQ,1300,1400,1350
1074,26-Apr-21,Bangalore,Potato,Local,FAQ,1300,1400,1350
1075,26-Apr-21,Bangalore,Potato,Potato,FAQ,160,1800,1700
1076,23-Apr-21,Bangalore,Potato,Local,FAQ,1200,1500,1350
1077,23-Apr-21,Bangalore,Potato,Potato,FAQ,1600,1800,1700
1078,22-Apr-21,Bangalore,Potato,Local,FAQ,1200,1500,1350
1079,22-Apr-21,Bangalore,Potato,Potato,FAQ,1600,1800,1700
1080,21-Apr-21,Bangalore,Potato,Local,FAQ,1200,1500,1350
1081,21-Apr-21,Bangalore,Potato,Potato,FAQ,1600,1800,1700
1082,20-Apr-21,Bangalore,Potato,Local,FAQ,1200,1500,1350
1083,20-Apr-21,Bangalore,Potato,Potato,FAQ,1600,1800,1700
1084,19-Apr-21,Bangalore,Potato,Local,FAQ,1200,1500,1350
1085,19-Apr-21,Bangalore,Potato,Potato,FAQ,1600,1800,1700
1086,17-Apr-21,Bangalore,Potato,Local,FAQ,1200,1500,1350
1087,17-Apr-21,Bangalore,Potato,Potato,FAQ,1600,1800,1700
1088,16-Apr-21,Bangalore,Potato,Local,FAQ,1200,1300,1250
1089,16-Apr-21,Bangalore,Potato,Potato,FAQ,1600,1800,1700
1090,15-Apr-21,Bangalore,Potato,Local,FAQ,1200,1300,1250
1091,15-Apr-21,Bangalore,Potato,Potato,FAQ,1600,1800,1700
1092,12-Apr-21,Bangalore,Potato,Local,FAQ,1200,1300,1250
1093,12-Apr-21,Bangalore,Potato,Potato,FAQ,1600,1800,1700
1094,09-Apr-21,Bangalore,Potato,Local,FAQ,1200,1300,1250
1095,09-Apr-21,Bangalore,Potato,Potato,FAQ,1600,1800,1700
1096,08-Apr-21,Bangalore,Potato,Local,FAQ,1200,1300,1250
1097,08-Apr-21,Bangalore,Potato,Potato,FAQ,1200,1400,1300
1098,07-Apr-21,Bangalore,Potato,Local,FAQ,1200,1300,1250
1099,07-Apr-21,Bangalore,Potato,Potato,FAQ,1200,1400,1300
1100,06-Apr-21,Bangalore,Potato,Local,FAQ,1400,1600,1500
1101,06-Apr-21,Bangalore,Potato,Potato,FAQ,1300,1500,1400
1102,05-Apr-21,Bangalore,Potato,Local,FAQ,1600,1700,1650
1103,05-Apr-21,Bangalore,Potato,Potato,FAQ,1300,1500,1400
1104,03-Apr-21,Bangalore,Potato,Local,FAQ,1300,1400,1350
1105,03-Apr-21,Bangalore,Potato,Potato,FAQ,1600,1800,1700
1106,01-Apr-21,Bangalore,Potato,Local,FAQ,1300,1400,1350
1107,01-Apr-21,Bangalore,Potato,Potato,FAQ,1600,1800,1700
1108,31-Mar-21,Bangalore,Potato,Local,FAQ,1300,1400,1350
1109,31-Mar-21,Bangalore,Potato,Potato,FAQ,1500,1700,1600
1110,30-Mar-21,Bangalore,Potato,Local,FAQ,1200,1300,1250
1111,30-Mar-21,Bangalore,Potato,Potato,FAQ,1400,1600,1500
1112,29-Mar-21,Bangalore,Potato,Local,FAQ,1200,1300,1250
1113,29-Mar-21,Bangalore,Potato,Potato,FAQ,1400,1600,1500
1114,26-Mar-21,Bangalore,Potato,Local,FAQ,1400,1500,1450
1115,26-Mar-21,Bangalore,Potato,Potato,FAQ,1400,1600,1500
1116,25-Mar-21,Bangalore,Potato,Local,FAQ,1200,1300,1250
1117,25-Mar-21,Bangalore,Potato,Potato,FAQ,1600,1800,1700
1118,24-Mar-21,Bangalore,Potato,Local,FAQ,800,1100,950
1119,24-Mar-21,Bangalore,Potato,Potato,FAQ,1600,1800,1700
1120,23-Mar-21,Bangalore,Potato,Local,FAQ,1100,1200,1150
1121,23-Mar-21,Bangalore,Potato,Potato,FAQ,1000,1200,1100
1122,22-Mar-21,Bangalore,Potato,Local,FAQ,1300,1500,1400
1123,22-Mar-21,Bangalore,Potato,Potato,FAQ,1000,1200,1100
1124,20-Mar-21,Bangalore,Potato,Local,FAQ,1300,1500,1400
1125,20-Mar-21,Bangalore,Potato,Potato,FAQ,1000,1200,1100
1126,19-Mar-21,Bangalore,Potato,Local,FAQ,1000,1200,1100
1127,19-Mar-21,Bangalore,Potato,Potato,FAQ,1400,1700,1550
1128,18-Mar-21,Bangalore,Potato,Local,FAQ,1000,1200,1100
1129,18-Mar-21,Bangalore,Potato,Potato,FAQ,1400,1700,1550
1130,17-Mar-21,Bangalore,Potato,Local,FAQ,900,1100,1000
1131,17-Mar-21,Bangalore,Potato,Potato,FAQ,800,1000,900
1132,16-Mar-21,Bangalore,Potato,Local,FAQ,900,1100,1000
1133,16-Mar-21,Bangalore,Potato,Potato,FAQ,800,1000,900
1134,15-Mar-21,Bangalore,Potato,Local,FAQ,1200,1400,1300
1135,15-Mar-21,Bangalore,Potato,Potato,FAQ,800,1000,900
1136,12-Mar-21,Bangalore,Potato,Local,FAQ,1300,1500,1400
1137,12-Mar-21,Bangalore,Potato,Potato,FAQ,1200,1400,1300
1138,10-Mar-21,Bangalore,Potato,Local,FAQ,1300,1500,1400
1139,10-Mar-21,Bangalore,Potato,Potato,FAQ,1200,1400,1300
1140,09-Mar-21,Bangalore,Potato,Local,FAQ,1300,1500,1400
1141,09-Mar-21,Bangalore,Potato,Potato,FAQ,1200,1400,1300
1142,08-Mar-21,Bangalore,Potato,Local,FAQ,1000,1200,1100
1143,08-Mar-21,Bangalore,Potato,Potato,FAQ,1200,1400,1300
1144,06-Mar-21,Bangalore,Potato,Local,FAQ,1000,1300,1150
1145,06-Mar-21,Bangalore,Potato,Potato,FAQ,1200,1400,1300
1146,05-Mar-21,Bangalore,Potato,Local,FAQ,1000,1200,1100
1147,05-Mar-21,Bangalore,Potato,Potato,FAQ,1100,1300,1200
1148,04-Mar-21,Bangalore,Potato,Local,FAQ,1000,1200,1100
1149,04-Mar-21,Bangalore,Potato,Potato,FAQ,1100,1300,1200
1150,03-Mar-21,Bangalore,Potato,Local,FAQ,900,1100,1000
1151,03-Mar-21,Bangalore,Potato,Potato,FAQ,1200,1400,1300
1152,02-Mar-21,Bangalore,Potato,Local,FAQ,800,1100,950
1153,02-Mar-21,Bangalore,Potato,Potato,FAQ,1200,1400,1300
1154,01-Mar-21,Bangalore,Potato,Local,FAQ,900,1100,1000
1155,01-Mar-21,Bangalore,Potato,Potato,FAQ,1300,1500,1400
1156,26-Feb-21,Bangalore,Potato,Local,FAQ,1300,1500,1400
1157,26-Feb-21,Bangalore,Potato,Potato,FAQ,1300,1400,1350
1158,25-Feb-21,Bangalore,Potato,Local,FAQ,1000,1100,1050
1159,25-Feb-21,Bangalore,Potato,Potato,FAQ,1300,1500,1400
1160,24-Feb-21,Bangalore,Potato,Local,FAQ,1000,1200,1100
1161,24-Feb-21,Bangalore,Potato,Potato,FAQ,1200,1400,1300
1162,23-Feb-21,Bangalore,Potato,Local,FAQ,1000,1200,1100
1163,23-Feb-21,Bangalore,Potato,Potato,FAQ,1200,1400,1300
1164,22-Feb-21,Bangalore,Potato,Local,FAQ,1100,1600,1350
1165,22-Feb-21,Bangalore,Potato,Potato,FAQ,1300,1400,1350
1166,20-Feb-21,Bangalore,Potato,Local,FAQ,1100,1600,1350
1167,20-Feb-21,Bangalore,Potato,Potato,FAQ,1300,1400,1350
1168,19-Feb-21,Bangalore,Potato,Local,FAQ,1100,1600,1350
1169,19-Feb-21,Bangalore,Potato,Potato,FAQ,1300,1400,1350
1170,18-Feb-21,Bangalore,Potato,Local,FAQ,1100,1600,1350
1171,18-Feb-21,Bangalore,Potato,Potato,FAQ,1300,1400,1350
1172,17-Feb-21,Bangalore,Potato,Local,FAQ,1000,1200,1100
1173,17-Feb-21,Bangalore,Potato,Potato,FAQ,1400,1600,1500
1174,16-Feb-21,Bangalore,Potato,Local,FAQ,1000,1200,1100
1175,16-Feb-21,Bangalore,Potato,Potato,FAQ,1400,1600,1500
1176,15-Feb-21,Bangalore,Potato,Local,FAQ,1000,1200,1100
1177,15-Feb-21,Bangalore,Potato,Potato,FAQ,1400,1600,1500
1178,12-Feb-21,Bangalore,Potato,Local,FAQ,900,1100,1000
1179,12-Feb-21,Bangalore,Potato,Potato,FAQ,1600,1700,1650
1180,11-Feb-21,Bangalore,Potato,Local,FAQ,900,1100,1000
1181,11-Feb-21,Bangalore,Potato,Potato,FAQ,1600,1700,1650
1182,10-Feb-21,Bangalore,Potato,Local,FAQ,900,1100,1000
1183,10-Feb-21,Bangalore,Potato,Potato,FAQ,1600,1700,1650
1184,09-Feb-21,Bangalore,Potato,Local,FAQ,900,1100,1000
1185,09-Feb-21,Bangalore,Potato,Potato,FAQ,1600,1700,1650
1186,08-Feb-21,Bangalore,Potato,Local,FAQ,1100,1200,1150
1187,08-Feb-21,Bangalore,Potato,Potato,FAQ,1500,1700,1600
1188,06-Feb-21,Bangalore,Potato,Local,FAQ,900,1100,1000
1189,06-Feb-21,Bangalore,Potato,Potato,FAQ,1600,1700,1650
1190,05-Feb-21,Bangalore,Potato,Local,FAQ,900,1100,1000
1191,05-Feb-21,Bangalore,Potato,Potato,FAQ,1600,1700,1650
1192,04-Feb-21,Bangalore,Potato,Local,FAQ,900,1100,1000
1193,04-Feb-21,Bangalore,Potato,Potato,FAQ,1500,1800,1650
1194,03-Feb-21,Bangalore,Potato,Local,FAQ,1000,1200,1100
1195,03-Feb-21,Bangalore,Potato,Potato,FAQ,1600,1900,1750
1196,02-Feb-21,Bangalore,Potato,Local,FAQ,1000,1200,1100
1197,02-Feb-21,Bangalore,Potato,Potato,FAQ,1600,1900,1750
1198,01-Feb-21,Bangalore,Potato,Local,FAQ,900,1000,950
1199,01-Feb-21,Bangalore,Potato,Potato,FAQ,1600,1900,1750
1200,30-Jan-21,Bangalore,Potato,Local,FAQ,1400,2200,1850
1201,30-Jan-21,Bangalore,Potato,Potato,FAQ,1400,1800,1600
1202,29-Jan-21,Bangalore,Potato,Local,FAQ,1200,1400,1300
1203,29-Jan-21,Bangalore,Potato,Potato,FAQ,2000,2200,2100
1204,28-Jan-21,Bangalore,Potato,Local,FAQ,800,1000,900
1205,28-Jan-21,Bangalore,Potato,Potato,FAQ,1600,1900,1750
1206,27-Jan-21,Bangalore,Potato,Local,FAQ,800,1000,900
1207,27-Jan-21,Bangalore,Potato,Potato,FAQ,1600,1900,1750
1208,25-Jan-21,Bangalore,Potato,Local,FAQ,1600,1800,1700
1209,25-Jan-21,Bangalore,Potato,Potato,FAQ,1200,1500,1350
1210,22-Jan-21,Bangalore,Potato,Local,FAQ,1600,1800,1700
1211,22-Jan-21,Bangalore,Potato,Potato,FAQ,1200,1500,1350
1212,21-Jan-21,Bangalore,Potato,Local,FAQ,1200,1600,1400
1213,21-Jan-21,Bangalore,Potato,Potato,FAQ,1300,1600,1450
1214,20-Jan-21,Bangalore,Potato,Local,FAQ,1400,1800,1600
1215,20-Jan-21,Bangalore,Potato,Potato,FAQ,1300,1800,1550
1216,19-Jan-21,Bangalore,Potato,Local,FAQ,1400,1800,1600
1217,19-Jan-21,Bangalore,Potato,Potato,FAQ,1600,2000,1800
1218,18-Jan-21,Bangalore,Potato,Local,FAQ,1400,1800,1600
1219,18-Jan-21,Bangalore,Potato,Potato,FAQ,1600,2000,1800
1220,16-Jan-21,Bangalore,Potato,Local,FAQ,1600,2200,1900
1221,16-Jan-21,Bangalore,Potato,Potato,FAQ,1800,2000,1900
1222,15-Jan-21,Bangalore,Potato,Local,FAQ,1600,2200,1900
1223,15-Jan-21,Bangalore,Potato,Potato,FAQ,1800,2000,1900
1224,13-Jan-21,Bangalore,Potato,Local,FAQ,1600,2200,1900
1225,13-Jan-21,Bangalore,Potato,Potato,FAQ,1800,2000,1900
1226,12-Jan-21,Bangalore,Potato,Local,FAQ,1600,2200,1900
1227,12-Jan-21,Bangalore,Potato,Potato,FAQ,1800,2000,1900
1228,11-Jan-21,Bangalore,Potato,Local,FAQ,1600,2200,1900
1229,11-Jan-21,Bangalore,Potato,Potato,FAQ,1800,2000,1900
1230,08-Jan-21,Bangalore,Potato,Local,FAQ,2200,2600,2400
1231,08-Jan-21,Bangalore,Potato,Potato,FAQ,1800,2000,1900
1232,07-Jan-21,Bangalore,Potato,Local,FAQ,2200,2600,2400
1233,07-Jan-21,Bangalore,Potato,Potato,FAQ,2000,2100,2050
1234,06-Jan-21,Bangalore,Potato,Local,FAQ,2200,2600,2400
1235,06-Jan-21,Bangalore,Potato,Potato,FAQ,2000,2100,2050
1236,05-Jan-21,Bangalore,Potato,Local,FAQ,2400,2800,2600
1237,05-Jan-21,Bangalore,Potato,Potato,FAQ,2400,2800,2600
1238,04-Jan-21,Bangalore,Potato,Local,FAQ,2000,2400,2200
1239,04-Jan-21,Bangalore,Potato,Potato,FAQ,1800,2000,1900
1240,02-Jan-21,Bangalore,Potato,Local,FAQ,2000,2400,2200
1241,02-Jan-21,Bangalore,Potato,Potato,FAQ,1800,2000,1900
1242,01-Jan-21,Bangalore,Potato,Local,FAQ,2200,2800,2500
1243,01-Jan-21,Bangalore,Potato,Potato,FAQ,2000,2200,2100
1244,31-Dec-20,Bangalore,Potato,Local,FAQ,1700,2400,2050
1245,31-Dec-20,Bangalore,Potato,Potato,FAQ,1400,1800,1600
1246,30-Dec-20,Bangalore,Potato,Local,FAQ,1700,2400,2050
1247,30-Dec-20,Bangalore,Potato,Potato,FAQ,1400,1800,1600
1248,29-Dec-20,Bangalore,Potato,Local,FAQ,1800,2600,2200
1249,29-Dec-20,Bangalore,Potato,Potato,FAQ,2000,2200,2100
1250,28-Dec-20,Bangalore,Potato,Local,FAQ,2200,3000,2600
1251,28-Dec-20,Bangalore,Potato,Potato,FAQ,800,1000,900
1252,24-Dec-20,Bangalore,Potato,Local,FAQ,2400,3000,2700
1253,24-Dec-20,Bangalore,Potato,Potato,FAQ,2300,2500,2400
1254,23-Dec-20,Bangalore,Potato,Local,FAQ,2400,3000,2700
1255,23-Dec-20,Bangalore,Potato,Potato,FAQ,2300,2500,2400
1256,22-Dec-20,Bangalore,Potato,Local,FAQ,2400,3000,2700
1257,22-Dec-20,Bangalore,Potato,Potato,FAQ,2300,2500,2400
1258,21-Dec-20,Bangalore,Potato,Local,FAQ,2500,2900,2700
1259,21-Dec-20,Bangalore,Potato,Potato,FAQ,2800,3100,2950
1260,19-Dec-20,Bangalore,Potato,Local,FAQ,2400,2700,2550
1261,19-Dec-20,Bangalore,Potato,Potato,FAQ,3000,3400,3200
1262,18-Dec-20,Bangalore,Potato,Local,FAQ,2400,2900,2650
1263,18-Dec-20,Bangalore,Potato,Potato,FAQ,2800,3000,2900
1264,17-Dec-20,Bangalore,Potato,Local,FAQ,2400,2900,2650
1265,17-Dec-20,Bangalore,Potato,Potato,FAQ,2800,3000,2900
1266,16-Dec-20,Bangalore,Potato,Local,FAQ,2400,2900,2650
1267,16-Dec-20,Bangalore,Potato,Potato,FAQ,2800,3000,2900
1268,15-Dec-20,Bangalore,Potato,Local,FAQ,2200,2800,2500
1269,15-Dec-20,Bangalore,Potato,Potato,FAQ,2400,3200,2900
1270,14-Dec-20,Bangalore,Potato,Local,FAQ,2800,3200,3000
1271,14-Dec-20,Bangalore,Potato,Potato,FAQ,3200,3500,3350
1272,11-Dec-20,Bangalore,Potato,Local,FAQ,2800,3200,3000
1273,11-Dec-20,Bangalore,Potato,Potato,FAQ,3200,3500,3350
1274,08-Dec-20,Bangalore,Potato,Local,FAQ,3000,3500,3250
1275,08-Dec-20,Bangalore,Potato,Potato,FAQ,3000,3200,3100
1276,07-Dec-20,Bangalore,Potato,Local,FAQ,3200,3500,3350
1277,07-Dec-20,Bangalore,Potato,Potato,FAQ,3000,3400,3200
1278,05-Dec-20,Bangalore,Potato,Local,FAQ,3500,3600,3550
1279,05-Dec-20,Bangalore,Potato,Potato,FAQ,3200,3600,3400
1280,04-Dec-20,Bangalore,Potato,Local,FAQ,3800,4000,3900
1281,04-Dec-20,Bangalore,Potato,Potato,FAQ,3200,3600,3400
1282,02-Dec-20,Bangalore,Potato,Local,FAQ,3800,4000,3900
1283,02-Dec-20,Bangalore,Potato,Potato,FAQ,3200,3600,3400
1284,01-Dec-20,Bangalore,Potato,Local,FAQ,3200,3400,3200
1285,01-Dec-20,Bangalore,Potato,Potato,FAQ,3200,3600,3400
1286,30-Nov-20,Bangalore,Potato,Local,FAQ,3200,3400,3200
1287,30-Nov-20,Bangalore,Potato,Potato,FAQ,3200,3600,3400
1288,27-Nov-20,Bangalore,Potato,Local,FAQ,3200,3400,3200
1289,27-Nov-20,Bangalore,Potato,Potato,FAQ,3200,3600,3400
1290,26-Nov-20,Bangalore,Potato,Local,FAQ,3200,3400,3200
1291,26-Nov-20,Bangalore,Potato,Potato,FAQ,3200,3600,3400
1292,25-Nov-20,Bangalore,Potato,Local,FAQ,2600,3800,3200
1293,25-Nov-20,Bangalore,Potato,Potato,FAQ,3200,3500,3350
1294,24-Nov-20,Bangalore,Potato,Local,FAQ,2600,3800,3200
1295,24-Nov-20,Bangalore,Potato,Potato,FAQ,3200,3500,3350
1296,23-Nov-20,Bangalore,Potato,Local,FAQ,2600,3800,3200
1297,23-Nov-20,Bangalore,Potato,Potato,FAQ,3200,3500,3350
1298,21-Nov-20,Bangalore,Potato,Local,FAQ,2600,3800,3200
1299,21-Nov-20,Bangalore,Potato,Potato,FAQ,3600,3800,3700
1300,20-Nov-20,Bangalore,Potato,Local,FAQ,2600,3800,3200
1301,20-Nov-20,Bangalore,Potato,Potato,FAQ,3600,3800,3700
1302,19-Nov-20,Bangalore,Potato,Local,FAQ,2600,3800,3200
1303,19-Nov-20,Bangalore,Potato,Potato,FAQ,3600,3800,3700
1304,18-Nov-20,Bangalore,Potato,Local,FAQ,2600,3800,3200
1305,18-Nov-20,Bangalore,Potato,Potato,FAQ,3600,3800,3700
1306,17-Nov-20,Bangalore,Potato,Local,FAQ,2600,3800,3200
1307,17-Nov-20,Bangalore,Potato,Potato,FAQ,2600,3200,2900
1308,13-Nov-20,Bangalore,Potato,Local,FAQ,2600,3800,3200
1309,13-Nov-20,Bangalore,Potato,Potato,FAQ,2600,3200,2900
1310,12-Nov-20,Bangalore,Potato,Local,FAQ,2600,3800,3200
1311,12-Nov-20,Bangalore,Potato,Potato,FAQ,2600,3200,2900
1312,11-Nov-20,Bangalore,Potato,Local,FAQ,2600,3800,3200
1313,11-Nov-20,Bangalore,Potato,Potato,FAQ,2600,3200,2900
1314,10-Nov-20,Bangalore,Potato,Local,FAQ,2600,2800,2700
1315,10-Nov-20,Bangalore,Potato,Potato,FAQ,2600,3200,2900
1316,09-Nov-20,Bangalore,Potato,Local,FAQ,3000,3600,3300
1317,09-Nov-20,Bangalore,Potato,Potato,FAQ,3200,3400,3300
1318,07-Nov-20,Bangalore,Potato,Local,FAQ,3000,3600,3300
1319,07-Nov-20,Bangalore,Potato,Potato,FAQ,3200,3400,3300
1320,06-Nov-20,Bangalore,Potato,Local,FAQ,3000,3600,3300
1321,06-Nov-20,Bangalore,Potato,Potato,FAQ,3200,3400,3300
1322,05-Nov-20,Bangalore,Potato,Local,FAQ,3000,3500,3300
1323,05-Nov-20,Bangalore,Potato,Potato,FAQ,3200,3400,3300
1324,04-Nov-20,Bangalore,Potato,Local,FAQ,3000,3600,3300
1325,04-Nov-20,Bangalore,Potato,Potato,FAQ,3200,3600,3400
1326,03-Nov-20,Bangalore,Potato,Local,FAQ,3000,3600,3300
1327,03-Nov-20,Bangalore,Potato,Potato,FAQ,2600,3200,2900
1328,02-Nov-20,Bangalore,Potato,Local,FAQ,3200,3600,3400
1329,02-Nov-20,Bangalore,Potato,Potato,FAQ,2600,3200,2900
1330,29-Oct-20,Bangalore,Potato,Local,FAQ,3200,3600,3400
1331,29-Oct-20,Bangalore,Potato,Potato,FAQ,2600,3200,2900
1332,28-Oct-20,Bangalore,Potato,Local,FAQ,3200,3400,3300
1333,28-Oct-20,Bangalore,Potato,Potato,FAQ,2600,3200,2900
1334,27-Oct-20,Bangalore,Potato,Local,FAQ,3200,3400,3300
1335,27-Oct-20,Bangalore,Potato,Potato,FAQ,2600,3200,2900
1336,23-Oct-20,Bangalore,Potato,Local,FAQ,3200,3400,3300
1337,23-Oct-20,Bangalore,Potato,Potato,FAQ,2600,3200,2900
1338,22-Oct-20,Bangalore,Potato,Local,FAQ,3400,3600,3500
1339,22-Oct-20,Bangalore,Potato,Potato,FAQ,3000,3600,3300
1340,21-Oct-20,Bangalore,Potato,Local,FAQ,1600,1700,1650
1341,21-Oct-20,Bangalore,Potato,Potato,FAQ,1300,1600,1450
1342,20-Oct-20,Bangalore,Potato,Local,FAQ,1600,1700,1650
1343,20-Oct-20,Bangalore,Potato,Potato,FAQ,1300,1600,1450
1344,19-Oct-20,Bangalore,Potato,Local,FAQ,1400,1600,1500
1345,19-Oct-20,Bangalore,Potato,Potato,FAQ,1300,1600,1450
1346,17-Oct-20,Bangalore,Potato,Local,FAQ,1400,1600,1500
1347,17-Oct-20,Bangalore,Potato,Potato,FAQ,1300,1600,1450
1348,16-Oct-20,Bangalore,Potato,Local,FAQ,1400,1600,1500
1349,16-Oct-20,Bangalore,Potato,Potato,FAQ,1300,1600,1450
1350,15-Oct-20,Bangalore,Potato,Local,FAQ,1300,1550,1425
1351,15-Oct-20,Bangalore,Potato,Potato,FAQ,1200,1400,1300
1352,14-Oct-20,Bangalore,Potato,Local,FAQ,1300,1500,1400
1353,14-Oct-20,Bangalore,Potato,Potato,FAQ,1200,1400,1300
1354,13-Oct-20,Bangalore,Potato,Local,FAQ,1300,1500,1400
1355,13-Oct-20,Bangalore,Potato,Potato,FAQ,1200,1400,1300
1356,12-Oct-20,Bangalore,Potato,Local,FAQ,1300,1500,1400
1357,12-Oct-20,Bangalore,Potato,Potato,FAQ,1200,1400,1300
1358,09-Oct-20,Bangalore,Potato,Local,FAQ,1300,1500,1400
1359,09-Oct-20,Bangalore,Potato,Potato,FAQ,1200,1400,1300
1360,08-Oct-20,Bangalore,Potato,Local,FAQ,1300,1500,1400
1361,08-Oct-20,Bangalore,Potato,Potato,FAQ,1200,1400,1300
1362,07-Oct-20,Bangalore,Potato,Local,FAQ,1300,1500,1400
1363,07-Oct-20,Bangalore,Potato,Potato,FAQ,1200,1400,1300
1364,06-Oct-20,Bangalore,Potato,Local,FAQ,1300,1550,1425
1365,06-Oct-20,Bangalore,Potato,Potato,FAQ,1200,1400,1300
1366,05-Oct-20,Bangalore,Potato,Local,FAQ,1300,1550,1425
1367,05-Oct-20,Bangalore,Potato,Potato,FAQ,1200,1400,1300
1368,03-Oct-20,Bangalore,Potato,Local,FAQ,1300,1500,1400
1369,03-Oct-20,Bangalore,Potato,Potato,FAQ,1200,1400,1300
1370,01-Oct-20,Bangalore,Potato,Local,FAQ,1300,1500,1400
1371,01-Oct-20,Bangalore,Potato,Potato,FAQ,1200,1500,1350
1372,30-Sep-20,Bangalore,Potato,Local,FAQ,1300,1500,1400
1373,30-Sep-20,Bangalore,Potato,Potato,FAQ,1200,1500,1350
1374,29-Sep-20,Bangalore,Potato,Local,FAQ,1300,1500,1400
1375,29-Sep-20,Bangalore,Potato,Potato,FAQ,1200,1500,1350
1376,28-Sep-20,Bangalore,Potato,Local,FAQ,1300,1500,1400
1377,28-Sep-20,Bangalore,Potato,Potato,FAQ,1200,1500,1350
1378,25-Sep-20,Bangalore,Potato,Local,FAQ,1300,1500,1400
1379,25-Sep-20,Bangalore,Potato,Potato,FAQ,1200,1500,1350
1380,24-Sep-20,Bangalore,Potato,Potato,FAQ,1000,2000,1500
1381,24-Sep-20,Bangalore,Potato,Chips,FAQ,4000,5500,4750
1382,23-Sep-20,Bangalore,Potato,Local,FAQ,2400,3000,2700
1383,23-Sep-20,Bangalore,Potato,Potato,FAQ,2400,2800,2600
1384,22-Sep-20,Bangalore,Potato,Local,FAQ,1800,3400,2600
1385,22-Sep-20,Bangalore,Potato,Potato,FAQ,1500,1650,1575
1386,21-Sep-20,Bangalore,Potato,Local,FAQ,1800,3400,2600
1387,21-Sep-20,Bangalore,Potato,Potato,FAQ,1500,1650,1575
1388,19-Sep-20,Bangalore,Potato,Local,FAQ,1800,3400,2600
1389,19-Sep-20,Bangalore,Potato,Potato,FAQ,1500,1650,1575
1390,18-Sep-20,Bangalore,Potato,Local,FAQ,1800,3400,2600
1391,18-Sep-20,Bangalore,Potato,Potato,FAQ,1500,1650,1575
1392,16-Sep-20,Bangalore,Potato,Local,FAQ,1800,3400,2600
1393,16-Sep-20,Bangalore,Potato,Potato,FAQ,3000,3300,3150
1394,15-Sep-20,Bangalore,Potato,Local,FAQ,1800,3400,2600
1395,15-Sep-20,Bangalore,Potato,Potato,FAQ,3000,3300,3150
1396,14-Sep-20,Bangalore,Potato,Local,FAQ,1800,3000,2300
1397,14-Sep-20,Bangalore,Potato,Potato,FAQ,2400,3000,2700
1398,10-Sep-20,Bangalore,Potato,Local,FAQ,1800,3000,2300
1399,10-Sep-20,Bangalore,Potato,Potato,FAQ,2400,3000,2700
1400,09-Sep-20,Bangalore,Potato,Local,FAQ,1800,3000,2400
1401,09-Sep-20,Bangalore,Potato,Potato,FAQ,2400,3000,2700
1402,08-Sep-20,Bangalore,Potato,Local,FAQ,1600,3000,2300
1403,08-Sep-20,Bangalore,Potato,Potato,FAQ,2400,2900,2650
1404,07-Sep-20,Bangalore,Potato,Local,FAQ,1600,3000,2300
1405,07-Sep-20,Bangalore,Potato,Potato,FAQ,2400,2900,2650
1406,05-Sep-20,Bangalore,Potato,Local,FAQ,1800,3200,2500
1407,05-Sep-20,Bangalore,Potato,Potato,FAQ,2400,2900,2650
1408,04-Sep-20,Bangalore,Potato,Local,FAQ,1600,3000,2300
1409,04-Sep-20,Bangalore,Potato,Potato,FAQ,2400,2900,2650
1410,03-Sep-20,Bangalore,Potato,Local,FAQ,2600,3000,2800
1411,03-Sep-20,Bangalore,Potato,Potato,FAQ,2400,2800,2600
1412,02-Sep-20,Bangalore,Potato,Local,FAQ,2600,3000,2800
1413,02-Sep-20,Bangalore,Potato,Potato,FAQ,2400,2800,2600
1414,01-Sep-20,Bangalore,Potato,Local,FAQ,1600,2400,2000
1415,01-Sep-20,Bangalore,Potato,Potato,FAQ,2400,2800,2600
1416,31-Aug-20,Bangalore,Potato,Local,FAQ,1000,2200,1600
1417,31-Aug-20,Bangalore,Potato,Potato,FAQ,2200,2700,2450
1418,29-Aug-20,Bangalore,Potato,Local,FAQ,1000,2200,1600
1419,29-Aug-20,Bangalore,Potato,Potato,FAQ,2200,2700,2450
1420,28-Aug-20,Bangalore,Potato,Local,FAQ,1000,2200,1600
1421,28-Aug-20,Bangalore,Potato,Potato,FAQ,2200,2900,2550
1422,27-Aug-20,Bangalore,Potato,Local,FAQ,1600,2400,2000
1423,27-Aug-20,Bangalore,Potato,Potato,FAQ,2200,2900,2550
1424,26-Aug-20,Bangalore,Potato,Local,FAQ,1800,2600,2200
1425,26-Aug-20,Bangalore,Potato,Potato,FAQ,2400,2800,2600
1426,25-Aug-20,Bangalore,Potato,Local,FAQ,1800,2600,2200
1427,25-Aug-20,Bangalore,Potato,Potato,FAQ,2400,2800,2600
1428,24-Aug-20,Bangalore,Potato,Local,FAQ,1800,2600,2200
1429,24-Aug-20,Bangalore,Potato,Potato,FAQ,2400,2800,2600
1430,21-Aug-20,Bangalore,Potato,Local,FAQ,1800,2600,2200
1431,21-Aug-20,Bangalore,Potato,Potato,FAQ,2200,2800,2500
1432,20-Aug-20,Bangalore,Potato,Local,FAQ,1800,2600,2200
1433,20-Aug-20,Bangalore,Potato,Potato,FAQ,2200,2800,2500
1434,19-Aug-20,Bangalore,Potato,Local,FAQ,1800,2600,2200
1435,19-Aug-20,Bangalore,Potato,Potato,FAQ,2200,2800,2500
1436,18-Aug-20,Bangalore,Potato,Local,FAQ,1800,2600,2200
1437,18-Aug-20,Bangalore,Potato,Potato,FAQ,2200,2800,2500
1438,17-Aug-20,Bangalore,Potato,Local,FAQ,1800,2400,2100
1439,17-Aug-20,Bangalore,Potato,Potato,FAQ,2200,2700,2450
1440,14-Aug-20,Bangalore,Potato,Local,FAQ,2000,2600,2300
1441,14-Aug-20,Bangalore,Potato,Potato,FAQ,2200,2700,2450
1442,13-Aug-20,Bangalore,Potato,Local,FAQ,2000,2600,2300
1443,13-Aug-20,Bangalore,Potato,Potato,FAQ,2200,2700,2450
1444,12-Aug-20,Bangalore,Potato,Local,FAQ,2000,2600,2300
1445,12-Aug-20,Bangalore,Potato,Potato,FAQ,2200,2700,2450
1446,11-Aug-20,Bangalore,Potato,Local,FAQ,2000,2500,2250
1447,11-Aug-20,Bangalore,Potato,Potato,FAQ,2000,2600,2300
1448,10-Aug-20,Bangalore,Potato,Local,FAQ,2000,2500,2250
1449,10-Aug-20,Bangalore,Potato,Potato,FAQ,2000,2600,2300
1450,07-Aug-20,Bangalore,Potato,Local,FAQ,2000,2500,2250
1451,07-Aug-20,Bangalore,Potato,Potato,FAQ,2000,2600,2300
1452,06-Aug-20,Bangalore,Potato,Local,FAQ,2000,2500,2250
1453,06-Aug-20,Bangalore,Potato,Potato,FAQ,2000,2600,2300
1454,05-Aug-20,Bangalore,Potato,Local,FAQ,2000,2500,2250
1455,05-Aug-20,Bangalore,Potato,Potato,FAQ,2000,2600,2300
1456,04-Aug-20,Bangalore,Potato,Local,FAQ,1800,2500,2150
1457,04-Aug-20,Bangalore,Potato,Potato,FAQ,2000,2600,2300
1458,03-Aug-20,Bangalore,Potato,Local,FAQ,1800,2500,2150
1459,03-Aug-20,Bangalore,Potato,Potato,FAQ,2000,2600,2300
1460,31-Jul-20,Bangalore,Potato,Potato,FAQ,2000,2600,2300
1461,30-Jul-20,Bangalore,Potato,Potato,FAQ,2000,2600,2300
1462,29-Jul-20,Bangalore,Potato,Potato,FAQ,2000,2600,2300
1463,28-Jul-20,Bangalore,Potato,Potato,FAQ,2000,2600,2300
1464,27-Jul-20,Bangalore,Potato,Potato,FAQ,2000,2600,2300
1465,24-Jul-20,Bangalore,Potato,Potato,FAQ,2000,2600,2300
1466,23-Jul-20,Bangalore,Potato,Potato,FAQ,2000,2600,2300
1467,22-Jul-20,Bangalore,Potato,Potato,FAQ,2000,2500,2250
1468,21-Jul-20,Bangalore,Potato,Potato,FAQ,2000,2500,2250
1469,20-Jul-20,Bangalore,Potato,Potato,FAQ,2000,2500,2250
1470,17-Jul-20,Bangalore,Potato,Potato,FAQ,2000,2800,2400
1471,16-Jul-20,Bangalore,Potato,Local,FAQ,1400,2600,2000
1472,16-Jul-20,Bangalore,Potato,Potato,FAQ,2000,2800,2400
1473,16-Jul-20,Bangalore,Potato,Chips,FAQ,3400,4100,3750
1474,15-Jul-20,Bangalore,Potato,Potato,FAQ,2000,2800,2400
1475,14-Jul-20,Bangalore,Potato,Potato,FAQ,2000,2400,2200
1476,13-Jul-20,Bangalore,Potato,Potato,FAQ,1800,2500,2150
1477,10-Jul-20,Bangalore,Potato,Potato,FAQ,1800,2500,2150
1478,09-Jul-20,Bangalore,Potato,Potato,FAQ,1800,2500,2150
1479,08-Jul-20,Bangalore,Potato,Potato,FAQ,1800,2500,2150
1480,07-Jul-20,Bangalore,Potato,Potato,FAQ,1800,2500,2150
1481,06-Jul-20,Bangalore,Potato,Potato,FAQ,1800,2300,2050
1482,04-Jul-20,Bangalore,Potato,Potato,FAQ,1800,2300,2050
1483,03-Jul-20,Bangalore,Potato,Potato,FAQ,1800,2600,2200
1484,02-Jul-20,Bangalore,Potato,Potato,FAQ,1800,2400,2100
1485,01-Jul-20,Bangalore,Potato,Potato,FAQ,1800,2400,2100
1486,30-Jun-20,Bangalore,Potato,Local,FAQ,1800,2400,2100
1487,30-Jun-20,Bangalore,Potato,Potato,FAQ,1800,2400,2100
1488,29-Jun-20,Bangalore,Potato,Local,FAQ,1800,2000,1900
1489,29-Jun-20,Bangalore,Potato,Potato,FAQ,1800,2400,2100
1490,26-Jun-20,Bangalore,Potato,Local,FAQ,1800,2000,1900
1491,26-Jun-20,Bangalore,Potato,Potato,FAQ,1800,2300,2050
1492,25-Jun-20,Bangalore,Potato,Local,FAQ,1800,2000,1900
1493,25-Jun-20,Bangalore,Potato,Potato,FAQ,1800,2300,2050
1494,24-Jun-20,Bangalore,Potato,Local,FAQ,1800,2000,1900
1495,24-Jun-20,Bangalore,Potato,Potato,FAQ,1800,2300,2050
1496,23-Jun-20,Bangalore,Potato,Local,FAQ,1800,2000,1900
1497,23-Jun-20,Bangalore,Potato,Potato,FAQ,1800,2300,2050
1498,22-Jun-20,Bangalore,Potato,Local,FAQ,1800,2000,1900
1499,22-Jun-20,Bangalore,Potato,Potato,FAQ,1800,2300,2050
1500,20-Jun-20,Bangalore,Potato,Local,FAQ,1800,2000,1900
1501,20-Jun-20,Bangalore,Potato,Potato,FAQ,1800,2300,2050
1502,19-Jun-20,Bangalore,Potato,Local,FAQ,1800,2000,1900
1503,19-Jun-20,Bangalore,Potato,Potato,FAQ,1800,2300,2050
1504,18-Jun-20,Bangalore,Potato,Local,FAQ,1800,2000,1900
1505,18-Jun-20,Bangalore,Potato,Potato,FAQ,1500,2300,1900
1506,17-Jun-20,Bangalore,Potato,Local,FAQ,1800,2000,1900
1507,17-Jun-20,Bangalore,Potato,Potato,FAQ,1500,2300,1900
1508,16-Jun-20,Bangalore,Potato,Local,FAQ,1800,2000,1900
1509,16-Jun-20,Bangalore,Potato,Potato,FAQ,1800,2200,2000
1510,15-Jun-20,Bangalore,Potato,Local,FAQ,1800,2000,1900
1511,15-Jun-20,Bangalore,Potato,Potato,FAQ,1800,2200,2000
1512,12-Jun-20,Bangalore,Potato,Local,FAQ,1800,2000,1900
1513,12-Jun-20,Bangalore,Potato,Potato,FAQ,1600,2200,1900
1514,11-Jun-20,Bangalore,Potato,Local,FAQ,1800,2000,1900
1515,11-Jun-20,Bangalore,Potato,Potato,FAQ,1600,2200,1900
1516,10-Jun-20,Bangalore,Potato,Local,FAQ,1800,2000,1900
1517,10-Jun-20,Bangalore,Potato,Potato,FAQ,1600,2200,1900
1518,09-Jun-20,Bangalore,Potato,Local,FAQ,1800,2000,1900
1519,09-Jun-20,Bangalore,Potato,Potato,FAQ,1600,2200,1900
1520,08-Jun-20,Bangalore,Potato,Local,FAQ,1800,2000,1900
1521,08-Jun-20,Bangalore,Potato,Potato,FAQ,1600,2200,1900
1522,06-Jun-20,Bangalore,Potato,Local,FAQ,2200,2400,2300
1523,06-Jun-20,Bangalore,Potato,Potato,FAQ,1600,2200,1900
1524,05-Jun-20,Bangalore,Potato,Local,FAQ,1800,1900,1850
1525,05-Jun-20,Bangalore,Potato,Potato,FAQ,1900,2100,2000
1526,04-Jun-20,Bangalore,Potato,Local,FAQ,1800,1900,1850
1527,04-Jun-20,Bangalore,Potato,Potato,FAQ,1800,2000,1900
1528,03-Jun-20,Bangalore,Potato,Local,FAQ,1800,1900,1850
1529,03-Jun-20,Bangalore,Potato,Potato,FAQ,1800,2000,1900
1530,02-Jun-20,Bangalore,Potato,Local,FAQ,1800,1900,1850
1531,02-Jun-20,Bangalore,Potato,Potato,FAQ,1800,2000,1900
1532,01-Jun-20,Bangalore,Potato,Local,FAQ,1800,1900,1850
1533,01-Jun-20,Bangalore,Potato,Potato,FAQ,1800,2000,1900
1534,30-May-20,Bangalore,Potato,Local,FAQ,1800,1900,1850
1535,30-May-20,Bangalore,Potato,Potato,FAQ,1900,2100,2000
1536,29-May-20,Bangalore,Potato,Local,FAQ,1800,1900,1850
1537,29-May-20,Bangalore,Potato,Potato,FAQ,1900,2100,2000
1538,28-May-20,Bangalore,Potato,Local,FAQ,1800,1900,1850
1539,28-May-20,Bangalore,Potato,Potato,FAQ,1700,2000,1850
1540,27-May-20,Bangalore,Potato,Local,FAQ,1800,1900,1850
1541,27-May-20,Bangalore,Potato,Potato,FAQ,1700,1900,1800
1542,26-May-20,Bangalore,Potato,Local,FAQ,1800,1900,1850
1543,26-May-20,Bangalore,Potato,Potato,FAQ,1700,1900,1800
1544,22-May-20,Bangalore,Potato,Local,FAQ,1800,1900,1850
1545,22-May-20,Bangalore,Potato,Potato,FAQ,1700,1900,1800
1546,21-May-20,Bangalore,Potato,Local,FAQ,1800,1900,1850
1547,21-May-20,Bangalore,Potato,Potato,FAQ,1800,2000,1900
1548,20-May-20,Bangalore,Potato,Local,FAQ,1800,1900,1850
1549,20-May-20,Bangalore,Potato,Potato,FAQ,1800,2000,1900
1550,19-May-20,Bangalore,Potato,Local,FAQ,1800,1900,1850
1551,19-May-20,Bangalore,Potato,Potato,FAQ,1800,2000,1900
1552,18-May-20,Bangalore,Potato,Local,FAQ,1800,1900,1850
1553,18-May-20,Bangalore,Potato,Potato,FAQ,1800,2000,1900
1554,16-May-20,Bangalore,Potato,Local,FAQ,1800,1900,1850
1555,16-May-20,Bangalore,Potato,Potato,FAQ,1900,2100,2000
1556,15-May-20,Bangalore,Potato,Local,FAQ,1800,1900,1850
1557,15-May-20,Bangalore,Potato,Potato,FAQ,1800,2100,1950
1558,14-May-20,Bangalore,Potato,Local,FAQ,1800,1900,1850
1559,14-May-20,Bangalore,Potato,Potato,FAQ,1800,2100,1950
